ph_level,chlorine,color,TDS,CFU,algae,Potability
,7.300211873,,0,,,0
3.716080075,6.635245884,,0,,,0
8.099124189,9.275883603,,0,,,0
8.316765884,8.059332377,,0,,,0
9.092223456,6.546599974,,0,,,0
5.584086638,7.544868789,,0,,,0
10.22386216,7.513408466,,0,,,0
8.635848719,4.563008686,,0,,,0
,7.804173553,,0,,,0
11.18028447,9.077200017,,0,,,0
7.360640106,7.550700907,,0,,,0
7.974521649,8.110384501,,0,,,0
7.119824384,3.606036091,,0,,,0
,6.838223471,,0,,,0
7.496232208,5.072557774,,0,,,0
6.347271761,9.629596276,,0,,,0
7.0517858,10.09479601,,0,,,0
9.181560007,6.904989726,,0,,,0
8.975464348,6.204320859,,0,,,0
7.371050302,4.43266929,,0,,,0
,10.33391789,,0,,,0
6.660212026,5.858769131,,0,,,0
,5.607060453,,0,,,0
3.902475686,6.996311586,,0,,,0
5.400301781,10.05685248,,0,,,0
6.514415093,8.67093692,,0,,,0
3.445061864,8.782147481,,0,,,0
,7.906444721,,0,,,0
,7.70006347,,0,,,0
,9.046832707,,0,,,0
7.181448581,5.994678646,,0,,,0
9.825489908,6.757540731,,0,,,0
10.43329098,8.161504811,,0,,,0
7.414148196,6.845952024,,0,,,0
,5.474914832,,0,,,0
5.115817064,6.060712995,,0,,,0
3.641629777,5.538314133,,0,,,0
5.618064406,6.101083505,,0,,,0
,5.890754583,,0,,,0
9.267187531,6.110612421,,0,,,0
,4.599387943,,0,,,0
5.331940479,7.993829562,,0,,,0
7.145771545,6.814028701,,0,,,0
9.920691059,6.882248307,,0,,,0
4.758439425,4.731348985,,0,,,0
5.702925977,7.184351089,,0,,,0
6.953864226,4.462707246,,0,,,0
10.68296643,5.570783575,,0,,,0
,6.32192899,,0,,,0
8.757257397,4.915101055,,0,,,0
,7.046224798,,0,,,0
7.809631898,5.212314602,,0,,,0
6.652488091,4.96106638,,0,,,0
9.147197055,7.230794769,,0,,,0
10.56074464,6.991259996,,0,,,0
7.484254838,9.379133541,,0,,,0
8.520806573,8.282808465,,0,,,0
4.999413811,7.230164127,,0,,,0
,8.33561855,,0,,,0
,8.18731905,,0,,,0
3.906078355,6.994839617,,0,,,0
6.391353624,5.375559892,,0,,,0
,8.810843045,,0,,,0
8.692092013,8.231900338,,0,,,0
8.085759801,6.53423741,,0,,,0
6.203977702,7.873991885,,0,,,0
5.058108869,8.983276144,,0,,,0
,8.417305032,,0,,,0
,4.502117034,,0,,,0
7.261550522,5.837086493,,0,,,0
7.160467231,3.803036424,,0,,,0
5.704764776,7.05050316,,0,,,0
6.217273135,7.092462955,,0,,,0
8.67993497,7.518764659,,0,,,0
,5.598326766,,0,,,0
6.897322141,6.766009907,,0,,,0
3.514545529,6.821679099,,0,,,0
3.722500486,6.684570274,,0,,,0
6.455004797,5.756930039,,0,,,0
7.316804754,9.865047503,,0,,,0
1.844538366,7.7244323,,0,,,0
5.519125656,7.730722948,,0,,,0
7.408985467,6.505923139,,0,,,0
5.976769618,7.648599331,,0,,,0
6.395359132,5.127746861,,0,,,0
6.20964226,7.879347671,,0,,,0
6.762832522,7.884990658,,0,,,0
9.918717064,6.79984141,,0,,,0
10.15544017,6.655126363,,0,,,0
8.721726711,6.325442404,,0,,,0
,7.659203939,,0,,,0
,6.869690215,,0,,,0
6.099646705,8.457830699,,0,,,0
9.02678772,6.588374366,,0,,,0
6.953371603,5.495737655,,0,,,0
6.140877557,7.587196418,,0,,,0
7.077874007,6.181839616,,0,,,0
5.488314309,8.187415791,,0,,,0
7.205559175,6.202469332,,0,,,0
9.177869866,7.726040434,,0,,,0
4.270716195,7.391510138,,0,,,0
7.348844512,8.88955868,,0,,,0
8.52616987,7.483708838,,0,,,0
,8.330388898,,0,,,0
2.612035915,6.796439154,,0,,,0
8.490571562,8.270792937,,0,,,0
,6.957204179,,0,,,0
8.858401531,7.954015627,,0,,,0
6.098156521,6.443097878,,0,,,0
8.419970682,3.998265841,,0,,,0
9.286155021,7.289866041,,0,,,0
7.875895135,7.303126583,,0,,,0
7.725332908,8.386761008,,0,,,0
3.388090611,8.56978153,,0,,,0
6.745306715,7.165509192,,0,,,0
,9.615147027,,0,,,0
7.183825723,9.008495194,,0,,,0
10.1119767,5.392651282,,0,,,0
7.397413299,6.888688939,,0,,,0
7.812804388,7.33464764,,0,,,0
6.877456933,7.091521514,,0,,,0
,7.687037186,,0,,,0
,7.136498392,,0,,,0
7.521051679,10.44945031,,0,,,0
8.550875469,7.822528491,,0,,,0
10.30847766,8.912266341,,0,,,0
,9.906146627,,0,,,0
7.371085073,9.616330437,,0,,,0
11.18069466,6.094000531,,0,,,0
6.506487767,6.201982767,,0,,,0
6.643935775,3.749625148,,0,,,0
5.03377399,7.121477448,,0,,,0
6.912607562,4.916302562,,0,,,0
7.977635991,9.635636083,,0,,,0
6.078335837,8.130472208,,0,,,0
6.242414484,7.1304368,,0,,,0
6.06335479,7.484103647,,0,,,0
8.129585514,9.006007747,,0,,,0
9.562405944,5.820655208,,0,,,0
8.167792632,7.262416639,,0,,,0
8.594416135,5.912690624,,0,,,0
,4.963124049,,0,,,0
6.825467901,6.137757462,,0,,,0
7.861177701,7.923315375,,0,,,0
4.96577356,6.250578031,,0,,,0
6.207432968,5.81902294,,0,,,0
,8.071051029,,0,,,0
9.769251006,8.349709767,,0,,,0
9.63066548,6.92570608,,0,,,0
5.187471605,6.913910914,,0,,,0
7.633570088,9.900546897,,0,,,0
5.77119905,6.53126127,,0,,,0
6.579969329,4.506293474,,0,,,0
4.801154368,8.977286381,,0,,,0
7.948815718,5.851964962,,0,,,0
6.906992172,7.302351651,,0,,,0
,6.773698986,,0,,,0
,4.646211053,,0,,,0
8.461330874,8.679151556,,0,,,0
7.726134808,6.313181872,,0,,,0
,8.76967029,,0,,,0
8.927078148,8.549738274,,0,,,0
6.20801554,8.214938853,,0,,,0
6.128425635,7.62791913,,0,,,0
,9.189106138,,0,,,0
7.308048848,8.105802882,,0,,,0
,6.554996213,,0,,,0
8.640886409,6.967094562,,0,,,0
,6.810069235,,0,,,0
8.153210075,5.828357794,,0,,,0
8.29372011,6.440999766,,0,,,0
,6.689877625,,0,,,0
,7.074531321,,0,,,0
9.489972878,4.735332224,,0,,,0
7.830976343,4.845205476,,0,,,0
4.430281212,8.961372377,,0,,,0
7.240739639,7.75128544,,0,,,0
,8.764168678,,0,,,0
6.867301322,5.529942236,,0,,,0
6.129637015,8.830102319,,0,,,0
7.917049443,9.220128211,,0,,,0
6.511618075,7.685775096,,0,,,0
5.323815584,8.879822934,,0,,,0
6.769572869,7.121263609,,0,,,0
5.87797404,5.701659125,,0,,,0
9.534021716,6.105708489,,0,,,0
6.340027628,5.809031562,,0,,,0
8.66159243,7.897856522,,0,,,0
5.653506135,6.501596205,,0,,,0
6.626012184,7.658746878,,0,,,0
7.793833573,7.567676884,,0,,,0
7.59312765,6.297542536,,0,,,0
7.362736502,5.317019275,,0,,,0
9.320305445,4.405034532,,0,,,0
3.719791644,7.683742221,,0,,,0
6.655605026,8.984236816,,0,,,0
9.868877881,3.35159782,,0,,,0
5.590614436,7.98964067,,0,,,0
5.554436511,7.761431064,,0,,,0
4.126528715,5.366011336,,0,,,0
5.970035657,5.293918607,,0,,,0
,4.933662227,,0,,,0
8.369154354,6.600853064,,0,,,0
6.284248242,7.910711202,,0,,,0
11.26782838,7.20541412,,0,,,0
9.298018008,4.24970162,,0,,,0
7.895469246,7.205262042,,0,,,0
7.947485786,6.95828321,,0,,,0
10.02615916,7.428313128,,0,,,0
6.48819324,8.951692285,,0,,,0
5.869736755,6.59776434,,0,,,0
,6.324879789,,0,,,0
5.30414266,6.28604311,,0,,,0
7.533614823,5.890684294,,0,,,0
4.077607725,7.923973951,,0,,,0
,5.609440346,,0,,,0
7.086168401,3.615890517,,0,,,0
6.271012171,8.372997049,,0,,,0
7.957768344,7.841541553,,0,,,0
8.875642278,5.31873198,,0,,,0
,7.472249066,,0,,,0
6.613709118,7.222971557,,0,,,0
7.735705022,7.675826174,,0,,,0
9.925041328,6.110019418,,0,,,0
9.00258311,7.244753274,,0,,,0
5.095766465,10.2198041,,0,,,0
8.594677108,6.394463065,,0,,,0
7.083779061,4.210284081,,0,,,0
7.682872498,5.396716118,,0,,,0
,5.911870512,,0,,,0
6.419772474,7.767863487,,0,,,0
4.443238899,4.948814509,,0,,,0
6.978664262,6.500825402,,0,,,0
6.623613566,6.049600899,,0,,,0
3.664710562,5.682035302,,0,,,0
4.814135621,8.121080147,,0,,,0
5.779673705,9.458128324,,0,,,0
6.937818783,7.380882984,,0,,,0
7.436782609,6.500052537,,0,,,0
4.723312573,5.922450614,,0,,,0
9.380658051,4.271544671,,0,,,0
7.810144933,7.214895724,,0,,,0
9.436637164,7.700100188,,0,,,0
9.406325753,6.156110794,,0,,,0
6.321259315,5.987876584,,0,,,0
,8.594162885,,0,,,0
4.705356496,6.76729799,,0,,,0
8.896418988,6.011342433,,0,,,0
6.581878202,8.114731015,,0,,,0
6.755145902,8.757133179,,0,,,0
9.445129838,9.444471086,,0,,,1
9.024845037,8.016422649,,0,,,1
,8.519729851,,0,,,1
6.80011909,9.501694588,,0,,,1
7.174135163,7.681806287,,0,,,1
7.657991237,6.289064859,,0,,,1
8.322986672,8.827061283,,0,,,1
5.934279093,4.602849948,,0,,,1
9.802720782,9.218150393,,0,,,1
6.101955231,8.857160044,,0,,,1
4.997770601,6.130756542,,0,,,1
4.815766791,7.461170474,,0,,,1
6.548020558,6.749377795,,0,,,1
13.17540172,8.907019729,,0,,,1
6.618010906,4.701049346,,0,,,1
7.788054733,6.998961533,,0,,,1
5.191834327,7.238691301,,0,,,1
5.626339528,5.210368684,,0,,,1
6.869638941,8.803174745,,0,,,1
9.058628424,7.251978855,,0,,,1
7.291888325,9.754475933,,0,,,1
7.275908774,7.886854527,,0,,,1
6.512737124,12.58002649,,0,,,1
7.207886781,8.066059052,,0,,,1
,6.629599183,,0,,,1
5.324941856,13.04380611,,0,,,1
7.082300649,5.443386888,,0,,,1
5.33418358,6.048524614,,0,,,1
10.7618978,8.477393872,,0,,,1
6.286806948,7.483257698,,0,,,1
9.794558699,9.390842593,,0,,,1
8.210443565,10.42284178,,0,,,1
6.941719438,6.697194091,,0,,,1
10.35611883,9.158703903,,0,,,1
7.958984292,9.537735147,,0,,,1
3.882631081,0.530351295,,0,,,1
5.671773833,7.500573233,,0,,,1
10.00330054,12.91218664,,0,,,1
6.552847474,8.691206175,,0,,,1
7.628552723,8.337610434,,0,,,1
4.79084054,4.554573627,,0,,,1
7.710959939,5.389248621,,0,,,1
8.291299006,8.767875035,,0,,,1
6.193170101,4.739360117,,0,,,1
9.032660579,6.157490739,,0,,,1
6.139493741,6.250808074,,0,,,1
7.12942473,7.487823264,,0,,,1
,5.62678729,,0,,,1
5.418503763,4.357087861,,0,,,1
8.075494508,10.49384092,,0,,,1
,7.05757788,,0,,,1
10.04967372,8.550572663,,0,,,1
5.667650647,8.774306102,,0,,,1
,7.589868762,,0,,,1
8.923980608,12.36328483,,0,,,1
6.428866313,6.153472447,,0,,,1
6.960603502,4.297889825,,0,,,1
5.873675846,9.212778722,,0,,,1
6.79546901,7.486598424,,0,,,1
10.04102797,7.939074358,,0,,,1
,8.412688131,,0,,,1
7.296037734,5.19621276,,0,,,1
,7.028796694,,0,,,1
5.862641233,4.382721317,,0,,,1
7.292141805,9.511792392,,0,,,1
8.062805643,9.889949955,,0,,,1
7.82197094,9.08403988,,0,,,1
11.301794,8.517986143,,0,,,1
6.593764313,9.785695834,,0,,,1
9.161088613,6.105573329,,0,,,1
,5.819091707,,0,,,1
4.642953052,7.707342333,,0,,,1
7.798453676,11.07887248,,0,,,1
5.564342491,7.212253931,,0,,,1
7.886591227,11.17078862,,0,,,1
7.443189014,4.313264846,,0,,,1
3.657123133,9.100772079,,0,,,1
9.597191857,7.944469309,,0,,,1
6.964225943,7.675187646,,0,,,1
7.672909523,6.231913253,,0,,,1
6.737004072,8.373659876,,0,,,1
,8.109345861,,0,,,1
5.382489039,5.551990468,,0,,,1
7.022952113,10.95620546,,0,,,1
,6.482037974,,0,,,1
10.02622381,6.614114031,,0,,,1
5.583832998,6.59461679,,0,,,1
7.952929116,6.879418388,,0,,,1
5.500186641,8.369354098,,0,,,1
7.543700466,8.493406749,,0,,,1
6.848331559,5.164448055,,0,,,1
,10.38254659,,0,,,1
5.910251729,6.636550649,,0,,,1
8.716820334,7.123611323,,0,,,1
6.016889136,5.201687758,,0,,,1
9.567822726,5.149999932,,0,,,1
4.296247024,4.955218159,,0,,,1
3.551579177,8.925515312,,0,,,1
8.529669348,8.926826327,,0,,,1
8.065339036,7.490944014,,0,,,1
9.158445163,8.151080662,,0,,,1
8.848586283,13.127,,0,,,1
9.495456382,7.527375309,,0,,,1
8.052893916,7.217787958,,0,,,1
2.798549099,7.116897433,,0,,,1
6.425873866,7.571122584,,0,,,1
7.757269666,7.635152992,,0,,,1
7.748654706,10.71309662,,0,,,1
5.117390303,6.207729478,,0,,,1
7.481535362,4.870660378,,0,,,1
5.374222585,3.239580331,,0,,,1
7.063646976,6.2753046,,0,,,1
6.876451043,5.630557592,,0,,,1
4.812433652,4.362641198,,0,,,1
4.993530734,6.467744129,,0,,,1
4.788861062,10.85003648,,0,,,1
4.037287739,7.779459314,,0,,,1
6.505872509,6.775277154,,0,,,1
6.779773967,7.322671669,,0,,,1
6.952511674,6.300870702,,0,,,1
5.628406919,8.012496989,,0,,,1
5.966000489,4.466577191,,0,,,1
6.319431545,9.960552065,,0,,,1
8.02724787,6.087237735,,0,,,1
8.882684452,5.209778933,,0,,,1
5.991283475,7.383818681,,0,,,1
10.27244427,10.06820537,,0,,,1
,7.207846354,,0,,,1
6.105140135,7.369360303,,0,,,1
9.443358884,8.024953111,,0,,,1
6.887414371,10.51446604,,0,,,1
6.512900833,4.613310783,,0,,,1
5.772718095,8.630718965,,0,,,1
4.912557262,7.927976945,,0,,,1
9.739561949,7.235921759,,0,,,1
5.541979019,10.23617597,,0,,,1
,9.005942788,,0,,,1
,6.229736564,,0,,,1
6.448931033,9.077984756,,0,,,1
5.477912295,5.810456913,,0,,,1
8.544708662,7.55502971,,0,,,1
7.378597016,5.941011848,,0,,,1
6.66400305,5.257789016,,0,,,1
6.775582812,8.254114831,,0,,,1
8.736371211,8.855544474,,0,,,1
7.146976296,6.89050548,,0,,,1
,6.253980392,,0,,,1
5.040331692,5.929307622,,0,,,1
,5.037261234,,0,,,1
7.745499128,5.264310045,,0,,,1
6.259651603,8.565487273,,0,,,1
8.59639118,5.124129422,,0,,,1
5.767349597,7.728859875,,0,,,1
7.088940642,8.08824197,,0,,,1
8.029181613,8.433448388,,0,,,1
,7.44002394,,0,,,1
4.725785565,5.036010053,,0,,,1
8.19576536,6.295405022,,0,,,1
6.443753668,2.484379977,,0,,,1
7.039094321,4.945555199,,0,,,1
,8.932763593,,0,,,0
,6.666342875,,0,,,0
6.945224092,5.551660447,,0,,,0
5.742110407,6.202721182,,0,,,0
5.59662785,8.43547011,,0,,,0
7.350378987,10.41658888,,0,,,0
6.262798867,4.528076191,,0,,,0
9.927023723,8.00861831,,0,,,0
5.381407519,7.457245264,,0,,,0
4.961352728,9.922077893,,0,,,0
6.457097525,8.832137592,,0,,,0
6.53936951,6.485594271,,0,,,0
6.252410005,7.018164992,,0,,,0
7.967344823,9.868237892,,0,,,0
,5.040319511,,0,,,0
7.60952119,7.030699301,,0,,,0
6.887863944,7.488703143,,0,,,0
9.879071258,6.240247621,,0,,,0
7.63876177,6.548097821,,0,,,0
6.961891686,3.692065358,,0,,,0
8.060609624,5.620298799,,0,,,0
7.240271791,5.927868127,,0,,,0
7.486779709,4.960558358,,0,,,0
8.410460643,5.681716197,,0,,,0
6.143921454,12.0625362,,0,,,0
6.09617989,8.063020679,,0,,,0
6.384824009,6.697657121,,0,,,0
9.462666017,2.981378966,,0,,,0
7.868147086,6.210993674,,0,,,0
5.873157137,9.752878652,,0,,,0
,8.493528784,,0,,,0
6.529304448,4.250150949,,0,,,0
5.152203722,6.691806012,,0,,,0
7.858662779,6.509065395,,0,,,0
7.704410252,8.12440319,,0,,,0
6.728004386,7.663987986,,0,,,0
10.46450248,6.879857695,,0,,,0
9.11278625,6.962789991,,0,,,0
8.079808358,7.295211586,,0,,,0
7.078659419,3.914353184,,0,,,0
,10.33823398,,0,,,0
8.043889299,7.837861189,,0,,,0
7.040244978,6.422359011,,0,,,0
5.483974109,7.607610853,,0,,,0
8.53440688,2.993744061,,0,,,0
7.266594535,8.261778152,,0,,,0
6.256651148,11.58615108,,0,,,0
7.240351006,6.73717605,,0,,,0
8.692115322,9.202633941,,0,,,0
8.639540978,8.451601045,,0,,,0
7.179864149,8.263503442,,0,,,0
7.163999223,9.412034556,,0,,,0
8.926113143,7.076221686,,0,,,0
6.353110302,3.72377618,,0,,,0
6.681553568,6.304459107,,0,,,0
5.445325981,7.208945955,,0,,,0
7.539881893,7.442998712,,0,,,0
,8.092377055,,0,,,0
4.37047658,8.117114133,,0,,,0
10.31640038,3.445514571,,0,,,0
6.599593819,6.234231482,,0,,,0
4.197583589,7.105204272,,0,,,0
7.920794564,6.947895137,,0,,,0
6.330732765,8.076426482,,0,,,0
,7.729588419,,0,,,0
7.76414261,8.011206636,,0,,,0
8.237142634,8.385216673,,0,,,0
5.679234115,8.882653709,,0,,,0
7.417570368,7.472115296,,0,,,0
4.775983439,4.942929901,,0,,,0
7.86509497,6.612899592,,0,,,0
5.903465715,7.692154202,,0,,,0
7.705711006,8.226228135,,0,,,0
7.815121778,9.186893055,,0,,,0
6.139743032,9.494581698,,0,,,0
5.041405028,7.842974788,,0,,,0
8.675192692,8.630380615,,0,,,0
7.689358004,6.269309001,,0,,,0
8.570129121,5.661696967,,0,,,0
5.671762326,5.314759315,,0,,,0
6.624806428,5.980401833,,0,,,0
6.541007699,7.108628055,,0,,,0
,5.131839261,,0,,,0
9.241197563,4.116183136,,0,,,0
,7.575278808,,0,,,0
6.340809022,7.599751702,,0,,,0
5.980357227,3.688504447,,0,,,0
7.60597883,8.432638579,,0,,,0
6.427512443,7.29455407,,0,,,0
,3.672270533,,0,,,0
6.109073312,9.0646128,,0,,,0
5.842933081,6.878347939,,0,,,0
5.36754649,6.481443721,,0,,,0
5.345887147,9.727103318,,0,,,0
5.386307352,8.124231912,,0,,,0
9.919478426,7.039310851,,0,,,0
,6.331177451,,0,,,0
7.121458435,7.089146215,,0,,,0
9.418296122,8.4561779,,0,,,0
7.457164758,1.683992581,,0,,,0
5.27222756,8.849716665,,0,,,0
7.29195704,7.628746942,,0,,,0
7.803833221,6.664969395,,0,,,0
6.844350911,8.396404626,,0,,,0
5.608745232,9.345981465,,0,,,0
5.701154645,5.895464025,,0,,,0
5.412762498,7.070185248,,0,,,0
,3.296157321,,0,,,0
5.018132384,10.71147541,,0,,,0
4.552238411,8.865421999,,0,,,0
,6.072637611,,0,,,0
7.025305942,5.2390132,,0,,,0
5.770620969,6.341797302,,0,,,0
8.437875983,7.400019481,,0,,,0
5.907078269,7.924762107,,0,,,0
6.89834133,6.915070212,,0,,,0
10.25273437,4.338353353,,0,,,0
8.206499938,6.662948925,,0,,,0
7.286167388,6.856967134,,0,,,0
8.809296432,4.930380712,,0,,,0
6.641500687,7.327729345,,0,,,0
6.145148361,9.900159427,,0,,,0
5.906441765,8.86926796,,0,,,0
5.38984593,9.092721173,,0,,,0
5.006562979,11.54319047,,0,,,0
6.5036382,7.641833653,,0,,,0
9.606858896,7.515087433,,0,,,0
8.742229882,6.577127954,,0,,,0
8.394397412,7.840260507,,0,,,0
,5.789007614,,0,,,0
3.841205038,7.174952252,,0,,,0
4.301373467,9.242652787,,0,,,0
9.895889213,4.945127888,,0,,,0
4.319440673,9.811168422,,0,,,0
8.313773604,5.31081523,,0,,,0
,5.702186724,,0,,,0
3.410359671,5.667433467,,0,,,0
7.510943342,5.948784613,,0,,,0
6.978290868,7.279433195,,0,,,0
,11.20868834,,0,,,0
7.46072722,7.277442762,,0,,,0
,7.89876486,,0,,,0
7.220165553,3.842731892,,0,,,0
8.790851189,6.359942193,,0,,,0
,6.472958397,,0,,,0
,9.384055554,,0,,,0
9.049166054,5.780822621,,0,,,0
9.515140615,5.976549511,,0,,,0
6.14524294,6.243743093,,0,,,0
7.494212047,5.92270426,,0,,,0
7.091885817,5.134960397,,0,,,0
6.624572528,7.07993397,,0,,,0
6.032188903,6.516518928,,0,,,0
6.344095425,10.70701558,,0,,,0
,7.432312246,,0,,,0
7.459144859,4.639115858,,0,,,0
6.361666803,8.243781227,,0,,,0
9.011588754,6.767010378,,0,,,0
7.466213132,5.206596781,,0,,,0
5.739816333,8.110140337,,0,,,0
7.785106673,7.517805733,,0,,,0
7.138586781,5.70642862,,0,,,0
8.805177745,8.848262224,,0,,,0
8.003031485,7.697323746,,0,,,0
7.157337864,3.924366893,,0,,,0
6.427365144,5.527620653,,0,,,0
6.124672271,8.075626886,,0,,,0
8.457901037,4.142485399,,0,,,0
5.772197394,7.132239773,,0,,,0
,6.033392289,,0,,,0
6.760790523,4.36452141,,0,,,0
7.895045662,7.668315445,,0,,,0
8.576739928,6.222626356,,0,,,0
5.596729818,6.500953108,,0,,,0
8.145632374,5.507649678,,0,,,0
6.665495068,4.970958566,,0,,,0
6.499067998,9.00905572,,0,,,0
9.735889388,6.106566876,,0,,,0
9.268281895,9.070126287,,0,,,0
,6.22331218,,0,,,0
10.0596421,9.674174823,,0,,,0
6.475885399,10.09658797,,0,,,0
6.096128348,6.542206355,,0,,,0
6.297845634,7.258721933,,0,,,0
5.284096687,6.132545674,,0,,,0
8.26994471,8.377233431,,0,,,0
6.03956779,3.19496876,,0,,,0
6.243279004,8.268229135,,0,,,0
8.214099764,7.536023171,,0,,,0
,4.660528471,,0,,,0
,6.220936451,,0,,,0
,7.978098114,,0,,,0
9.836030547,5.599314066,,0,,,0
8.719764332,7.268765089,,0,,,0
7.009601694,6.781680397,,0,,,0
6.492638846,7.7365695,,0,,,0
7.814524321,7.489006438,,0,,,0
9.652562935,4.945416599,,0,,,0
8.00754122,11.25150735,,0,,,0
,8.320209558,,0,,,0
,6.578160637,,0,,,0
7.386837696,8.420763302,,0,,,0
5.497580321,7.604130349,,0,,,0
6.057828114,6.443391566,,0,,,0
,5.082356628,,0,,,0
6.268953337,6.717666041,,0,,,0
,10.17548378,,0,,,0
6.284984822,8.528792609,,0,,,0
9.043095632,6.701041921,,0,,,0
8.523062079,7.220716207,,0,,,0
,7.151888696,,0,,,0
,6.873568148,,0,,,0
4.02905271,8.550483092,,0,,,0
6.412707042,5.204084472,,0,,,0
6.27629499,6.519434941,,0,,,0
7.648877928,8.617208147,,0,,,0
5.548181849,7.027226156,,0,,,0
,6.613386703,,0,,,0
7.468617019,4.536412951,,0,,,0
,8.887846238,,0,,,0
7.918150471,7.290877676,,0,,,0
,6.36288937,,0,,,0
,5.435058194,,0,,,0
5.433242117,7.286392324,,0,,,0
8.33951161,5.618116053,,0,,,0
6.715719088,7.744695763,,0,,,0
6.09801209,6.212191253,,0,,,0
6.576845323,9.759897652,,0,,,0
4.68109876,4.652513833,,0,,,0
8.15121531,3.804428299,,0,,,0
,4.190696211,,0,,,0
,4.5071016,,0,,,0
5.669689566,6.778103642,,0,,,0
6.6249436,9.472844969,,0,,,0
8.273643584,7.410890858,,0,,,0
,4.239997135,,0,,,0
,6.657053081,,0,,,0
10.50966863,6.624220206,,0,,,0
5.171434094,7.287925242,,0,,,0
6.9641983,10.1846046,,0,,,0
6.548796521,3.777648007,,0,,,0
6.555439264,2.750837309,,0,,,0
9.042582866,5.325852715,,0,,,0
5.970578908,7.872037771,,0,,,0
6.273805782,5.11275051,,0,,,0
6.604007989,6.608205099,,0,,,0
7.14394199,8.444687185,,0,,,0
8.11644657,7.513870224,,0,,,0
7.66518778,5.543901316,,0,,,0
5.555352973,9.644996548,,0,,,0
7.543931305,7.241343465,,0,,,1
,7.565406845,,0,,,1
7.340170884,8.86729383,,0,,,1
10.01518906,7.198432415,,0,,,1
,6.034236064,,0,,,1
7.846463341,6.844526213,,0,,,1
,2.577555273,,0,,,1
6.334162776,6.121463538,,0,,,1
9.616095703,9.089531144,,0,,,1
,8.117747762,,0,,,1
8.892998479,8.982036449,,0,,,1
,9.31597685,,0,,,1
8.1414299,9.450413982,,0,,,1
8.165714933,5.574341667,,0,,,1
4.931958445,7.4114835,,0,,,1
8.977821883,7.56951815,,0,,,1
7.372611796,9.426339354,,0,,,1
9.107330383,5.57590637,,0,,,1
4.168248461,8.593819232,,0,,,1
7.806909023,6.217597085,,0,,,1
6.704635426,5.943694579,,0,,,1
3.623165848,5.023142591,,0,,,1
7.966856824,7.832473708,,0,,,1
4.595607756,6.37134453,,0,,,1
,5.07116445,,0,,,1
3.994497606,6.464792741,,0,,,1
8.907987118,5.431878696,,0,,,1
5.898726325,9.124900322,,0,,,1
9.514626622,7.54785947,,0,,,1
8.842463656,10.50880989,,0,,,1
7.721078494,7.685369735,,0,,,1
9.089421098,6.895013645,,0,,,1
1.757037115,7.728177044,,0,,,1
7.725192099,5.340318649,,0,,,1
6.729191489,5.632940371,,0,,,1
5.085429353,6.033247172,,0,,,1
9.545270521,6.203868785,,0,,,1
,8.48046796,,0,,,1
6.246264054,6.02967048,,0,,,1
7.376449105,4.184943038,,0,,,1
7.802426084,7.626922907,,0,,,1
8.596767212,7.248624986,,0,,,1
6.436444496,7.640874322,,0,,,1
7.333477726,8.181988065,,0,,,1
6.144759038,9.203614112,,0,,,1
4.725997721,5.923395847,,0,,,1
5.393345914,5.789668676,,0,,,1
5.624819996,9.256097772,,0,,,1
5.768868031,8.392833532,,0,,,1
,7.556750344,,0,,,1
5.251353815,4.023081339,,0,,,1
7.688785916,9.817335635,,0,,,1
3.681076271,6.095282919,,0,,,1
4.897691707,8.318607337,,0,,,1
5.842754601,6.643918028,,0,,,1
,5.640672345,,0,,,1
5.038316783,7.403750049,,0,,,1
9.961247709,8.428753588,,0,,,1
7.417502637,4.790681389,,0,,,1
,9.15222467,,0,,,1
5.099932005,4.368152032,,0,,,1
3.633162829,5.246381747,,0,,,1
8.860450854,6.183109518,,0,,,1
10.13793229,8.677789359,,0,,,1
9.90081484,8.146643168,,0,,,1
10.2684305,7.512608141,,0,,,1
0.22749905,3.462492048,,0,,,1
6.017260924,7.582123856,,0,,,1
7.110845138,6.048437038,,0,,,1
6.350290472,5.537830157,,0,,,1
8.12934172,6.779005477,,0,,,1
10.25281623,8.657341897,,0,,,1
5.462355935,8.439641071,,0,,,1
9.239440361,7.172920417,,0,,,1
7.071314192,7.602251874,,0,,,1
7.115895266,4.924388997,,0,,,1
8.238996597,9.288019857,,0,,,1
6.446252032,7.648612893,,0,,,1
6.161779499,11.52359751,,0,,,1
6.772156538,9.575052873,,0,,,1
7.06184552,8.866359287,,0,,,1
4.638250259,6.197715942,,0,,,1
7.678966889,7.181868528,,0,,,1
8.137713063,9.101885137,,0,,,1
7.481397772,4.64925393,,0,,,1
8.082148076,7.605420788,,0,,,1
,5.947212908,,0,,,1
7.702183099,9.154580507,,0,,,1
6.750761186,7.691012379,,0,,,1
,7.308500572,,0,,,1
6.323942073,5.892962669,,0,,,1
5.403883692,6.285433846,,0,,,1
5.699873488,5.249974384,,0,,,1
7.694264582,5.701063334,,0,,,1
8.581428694,3.924182928,,0,,,1
9.888941401,7.986456362,,0,,,1
3.426450368,4.965722328,,0,,,1
8.370440489,12.27937418,,0,,,1
,9.093843421,,0,,,1
8.390500572,6.553957722,,0,,,1
7.58194468,9.82149852,,0,,,1
9.850054687,8.350110052,,0,,,1
5.225683807,6.617097554,,0,,,1
9.663653196,10.14993691,,0,,,1
,4.088762947,,0,,,1
7.935607325,8.604504846,,0,,,1
8.92814208,8.968576039,,0,,,1
6.920342899,10.03114637,,0,,,1
10.53809844,7.365015093,,0,,,1
5.729302912,5.654856361,,0,,,1
5.335688809,9.772521848,,0,,,1
,5.477161308,,0,,,1
6.769834881,2.86607303,,0,,,1
6.848329601,6.241348598,,0,,,1
,6.977018583,,0,,,1
,7.398378636,,0,,,1
,8.366722755,,0,,,1
8.589202344,6.95330778,,0,,,1
8.473649323,6.144665655,,0,,,1
7.591346094,7.924616265,,0,,,1
8.137767883,6.844017626,,0,,,1
5.35256598,5.464057648,,0,,,1
7.998090254,9.842346073,,0,,,1
11.89807803,9.899636695,,0,,,1
7.442536475,8.577249577,,0,,,1
5.140800528,4.415975931,,0,,,1
,6.400151956,,0,,,1
6.947915534,10.414781,,0,,,1
9.622105987,5.657004243,,0,,,1
5.361211666,4.184890692,,0,,,1
4.909518983,9.318247597,,0,,,1
6.376408434,5.351533189,,0,,,1
3.94012546,4.138540037,,0,,,1
6.916825973,6.011610979,,0,,,1
9.146557556,9.241762922,,0,,,1
10.26841472,6.722842909,,0,,,1
8.787667941,9.306448972,,0,,,1
7.36876853,8.292444792,,0,,,1
9.352719753,6.504916049,,0,,,1
9.393148442,10.08953715,,0,,,1
7.296572875,9.288199605,,0,,,1
8.900864697,8.863272376,,0,,,1
8.107244313,6.185947771,,0,,,1
7.804368874,6.060143582,,0,,,1
4.666148131,4.894373617,,0,,,1
10.90507641,8.186478946,,0,,,1
4.739548767,2.862535374,,0,,,1
9.869231935,7.716922923,,0,,,1
,10.04838322,,0,,,1
5.827541212,4.823831505,,0,,,1
0.989912213,9.293288644,,0,,,1
,7.605518818,,0,,,1
9.485832873,8.534458442,,0,,,1
6.435722717,9.997623567,,0,,,1
6.365497241,11.30283119,,0,,,1
,5.531684613,,0,,,1
5.452214926,7.689190529,,0,,,1
,7.457514884,,0,,,1
5.433466239,4.58413391,,0,,,1
7.374775414,10.038245,,0,,,1
,6.229321818,,0,,,0
5.226941884,6.294517393,,0,,,0
4.594209164,6.761683214,,0,,,0
6.784133024,7.403641894,,0,,,0
6.400256164,4.935997766,,0,,,0
6.839415898,7.238828645,,0,,,0
6.901863449,5.163931373,,0,,,0
,8.18625838,,0,,,0
7.888843574,8.388944214,,0,,,0
5.527633483,6.436288161,,0,,,0
6.492403122,8.620697295,,0,,,0
6.684699737,9.87657405,,0,,,0
,7.8431436,,0,,,0
6.223677775,9.3367738,,0,,,0
4.758648347,7.667128479,,0,,,0
7.440825031,4.610244692,,0,,,0
8.054885744,7.309821639,,0,,,0
7.061830972,9.138390839,,0,,,0
,7.09269132,,0,,,0
7.611609817,8.561123755,,0,,,0
4.691438315,8.571649638,,0,,,0
8.064170137,8.591510126,,0,,,0
4.292966858,8.630313014,,0,,,0
7.865756954,7.321343443,,0,,,0
9.085637102,9.820230919,,0,,,0
6.592442508,7.303183678,,0,,,0
7.032818726,5.390593423,,0,,,0
8.990317234,7.50830529,,0,,,0
8.561218924,8.159299081,,0,,,0
6.739157692,6.543089824,,0,,,0
,6.59137114,,0,,,0
6.492627157,9.041146085,,0,,,0
6.753128353,3.920973662,,0,,,0
5.039373609,7.27154271,,0,,,0
8.296344056,8.262903987,,0,,,0
5.455599352,5.783579819,,0,,,0
7.918183321,9.008726094,,0,,,0
5.01804587,6.155483653,,0,,,0
6.495435285,8.479302,,0,,,0
,7.076633582,,0,,,0
8.783167624,7.390474096,,0,,,0
,6.550031094,,0,,,0
8.159666704,8.769621767,,0,,,0
7.685396843,7.991366183,,0,,,0
7.762020745,5.018671102,,0,,,0
7.207931097,5.557863756,,0,,,0
6.9870415,5.017698088,,0,,,0
4.692196563,9.363249825,,0,,,0
,8.513654609,,0,,,0
4.059431468,8.342129767,,0,,,0
8.389945659,8.348814761,,0,,,0
10.69553249,6.521422285,,0,,,0
6.791696907,7.101223816,,0,,,0
9.953952112,9.979849622,,0,,,0
,7.064672495,,0,,,0
4.489783796,8.486030243,,0,,,0
8.020869103,7.48727812,,0,,,0
5.090035332,6.741909445,,0,,,0
6.466874709,7.054937966,,0,,,0
6.702496216,7.029491111,,0,,,0
5.766204134,6.198937219,,0,,,0
6.571099217,6.280195162,,0,,,0
8.509220049,6.392545064,,0,,,0
5.953981878,8.439680712,,0,,,0
5.403196492,8.257587185,,0,,,0
5.596929951,7.45655651,,0,,,0
10.63290961,7.135496644,,0,,,0
4.916819229,4.024455657,,0,,,0
7.183095932,7.982096708,,0,,,0
5.923441415,6.296103203,,0,,,0
7.377036504,6.144844982,,0,,,0
7.833495881,9.370848444,,0,,,0
4.745764371,8.840473501,,0,,,0
9.055825785,5.838594348,,0,,,0
5.492155983,8.072933638,,0,,,0
4.487517479,9.751560797,,0,,,0
7.027185659,8.600477187,,0,,,0
10.20064451,5.567500642,,0,,,0
6.784279329,4.084932416,,0,,,0
8.080415244,6.86755296,,0,,,0
,6.490700311,,0,,,0
7.344975869,6.764349993,,0,,,0
5.923739955,7.430037413,,0,,,0
8.285395275,7.357857255,,0,,,0
5.949518764,6.04590644,,0,,,0
,8.963155528,,0,,,0
,10.03050816,,0,,,0
5.296578804,9.232766062,,0,,,0
10.28206797,5.548407104,,0,,,0
7.016836113,5.903058231,,0,,,0
6.871607245,8.311348727,,0,,,0
,7.29797266,,0,,,0
8.274069059,7.422104447,,0,,,0
8.238878989,5.30898956,,0,,,0
5.791154373,6.298365795,,0,,,0
6.153368957,8.090493963,,0,,,0
7.303051906,5.392692829,,0,,,0
7.5926723,6.041143672,,0,,,0
6.784116115,5.935771844,,0,,,0
5.606856131,6.812943275,,0,,,0
,9.380013284,,0,,,0
4.922045466,9.144953298,,0,,,0
5.700784947,7.563100469,,0,,,0
,5.787190934,,0,,,0
10.67805626,4.86609241,,0,,,0
7.602121475,6.900379647,,0,,,0
8.846281957,6.057867647,,0,,,0
6.751698586,8.365470023,,0,,,0
,5.733147894,,0,,,0
,7.627523842,,0,,,0
5.088213197,6.055622508,,0,,,0
6.954907217,4.493900098,,0,,,0
8.983811794,8.645881893,,0,,,0
9.519659984,6.154072581,,0,,,0
4.700392724,7.91908316,,0,,,0
10.38613293,5.845501641,,0,,,0
5.746529194,6.066386357,,0,,,0
,4.954923177,,0,,,0
,8.921733175,,0,,,0
10.8112895,10.14106005,,0,,,0
8.966835973,7.137871354,,0,,,0
,6.647839934,,0,,,0
6.848805453,9.775004066,,0,,,0
8.861701557,6.050225266,,0,,,0
4.252985001,3.271144024,,0,,,0
6.729829904,9.73335611,,0,,,0
5.924540482,6.614180463,,0,,,0
6.783888468,5.171453573,,0,,,0
7.390896679,8.76043438,,0,,,0
6.470151959,4.39313815,,0,,,0
6.93039147,6.259352881,,0,,,0
9.302441188,8.300402168,,0,,,0
7.421997644,9.157615312,,0,,,0
6.583064856,6.542088,,0,,,0
6.204429354,6.236836217,,0,,,0
9.066628054,5.962836939,,0,,,0
4.713116701,6.591108949,,0,,,0
10.58138599,7.668897441,,0,,,0
7.574261237,7.335361864,,0,,,0
6.138785152,6.812142879,,0,,,0
5.276323544,6.862988075,,0,,,0
6.776879088,8.386403518,,0,,,0
7.239415921,8.204071006,,0,,,0
6.552279123,6.928597413,,0,,,0
8.408766231,6.634210113,,0,,,0
7.986398706,5.689518474,,0,,,0
7.366915284,5.584369157,,0,,,0
6.062738419,9.463390687,,0,,,0
7.8564711,5.816703198,,0,,,0
5.15839641,6.736118027,,0,,,0
,6.226491278,,0,,,0
6.39908051,10.51784849,,0,,,0
7.394255556,7.816294444,,0,,,0
4.443850856,9.768406489,,0,,,0
8.247148271,4.974506124,,0,,,0
4.902158989,9.915647165,,0,,,0
6.86313625,8.193416004,,0,,,0
6.66953238,6.372975148,,0,,,0
7.595669984,6.192662701,,0,,,0
8.163076383,6.028559417,,0,,,0
8.87027826,5.180105641,,0,,,0
8.769676022,7.548543437,,0,,,0
4.737391257,8.781904578,,0,,,0
7.790874862,6.78568519,,0,,,0
,8.669944103,,0,,,0
6.0873061,7.231926685,,0,,,0
7.651294226,6.64827278,,0,,,0
4.771490669,9.165239145,,0,,,0
,4.649166446,,0,,,0
5.392057607,7.84322565,,0,,,0
5.477283049,5.523010781,,0,,,0
6.364155674,6.674635069,,0,,,0
,8.594714509,,0,,,0
8.347949483,7.623603583,,0,,,0
6.615981652,6.136369824,,0,,,0
8.312379503,7.456302258,,0,,,0
6.836224939,6.861235192,,0,,,0
6.385470898,8.774356717,,0,,,0
6.490037175,7.894244798,,0,,,0
,9.410657998,,0,,,0
6.648849186,5.961272224,,0,,,0
,7.618884588,,0,,,0
9.323583858,5.501070114,,0,,,0
4.581968728,6.358402296,,0,,,0
7.884841993,7.903081469,,0,,,0
6.168838539,7.720010959,,0,,,0
7.230845307,5.818229016,,0,,,0
,6.938729525,,0,,,0
8.693104326,6.52181467,,0,,,0
,9.554785291,,0,,,0
4.797460182,6.188502912,,0,,,0
9.319176393,7.784940449,,0,,,0
7.581687577,4.977306609,,0,,,0
5.348213659,7.816284866,,0,,,0
5.487876363,5.211430348,,0,,,0
,8.813666089,,0,,,0
8.315959071,9.475801129,,0,,,0
8.551077748,6.936782341,,0,,,0
6.013160966,9.295852001,,0,,,0
5.744067537,7.017330331,,0,,,0
5.218989651,6.592516959,,0,,,0
,10.5715963,,0,,,0
7.458707683,8.920632925,,0,,,0
11.02787986,7.516643216,,0,,,0
6.72958019,9.808651156,,0,,,0
4.1502143,5.569868658,,0,,,0
7.159398311,5.817090295,,0,,,0
,8.551446845,,0,,,0
6.209697437,4.875413881,,0,,,0
,7.533042002,,0,,,0
9.608533594,6.577834048,,0,,,0
5.375895979,7.894086171,,0,,,0
8.69712216,5.350923532,,0,,,0
7.748928548,7.375883102,,0,,,0
7.117917746,9.605650817,,0,,,0
8.31002902,7.703374743,,0,,,0
5.524296531,6.344585275,,0,,,0
10.20142576,4.89987481,,0,,,0
5.368125754,8.098838845,,0,,,0
8.937802408,3.694274999,,0,,,0
8.124207826,8.540837376,,0,,,0
7.184973119,5.216684484,,0,,,0
5.499489286,9.619574961,,0,,,0
,9.711379814,,0,,,0
5.319769073,8.053558881,,0,,,0
6.369111631,9.17093996,,0,,,0
6.733493842,6.035086878,,0,,,0
6.883015402,7.243682989,,0,,,0
8.013516429,7.83739765,,0,,,0
8.272055091,8.448405225,,0,,,0
8.746985976,5.459171833,,0,,,0
8.154840855,7.651668438,,0,,,0
9.045720545,7.609833076,,0,,,0
8.922409559,8.560537109,,0,,,0
5.961301572,6.188790308,,0,,,0
,7.248374249,,0,,,0
8.184410006,4.038955039,,0,,,0
7.636454091,11.08652625,,0,,,0
7.775385593,7.881197242,,0,,,0
7.617148871,7.382754883,,0,,,0
6.664934584,7.325000809,,0,,,0
,6.325161655,,0,,,0
8.815357953,7.223961867,,0,,,0
7.765635562,6.98410186,,0,,,0
6.225152013,5.574917123,,0,,,0
,8.289191784,,0,,,0
8.56704382,4.286930405,,0,,,0
6.994194675,9.796329895,,0,,,0
3.344588533,8.530101581,,0,,,0
,9.539983929,,0,,,0
,7.259638238,,0,,,1
7.774468469,7.947534131,,0,,,1
,4.250916792,,0,,,1
7.203438849,6.283249716,,0,,,1
6.150487601,9.609895813,,0,,,1
,8.827654541,,0,,,1
6.767523658,5.232749728,,0,,,1
8.037430327,4.755879695,,0,,,1
8.177174974,7.271672365,,0,,,1
6.744799075,6.125251638,,0,,,1
7.603775446,10.99999516,,0,,,1
8.546145555,7.652073245,,0,,,1
5.432512085,9.180703192,,0,,,1
7.71408936,7.631357066,,0,,,1
8.154531511,6.19884398,,0,,,1
,6.48198571,,0,,,1
7.845879929,9.007161201,,0,,,1
7.156424495,6.734527285,,0,,,1
5.694694238,8.124265428,,0,,,1
6.707685556,6.809945059,,0,,,1
4.775221956,9.422100575,,0,,,1
,7.378235881,,0,,,1
,8.025806109,,0,,,1
8.501711439,7.108190294,,0,,,1
7.741245059,8.696478834,,0,,,1
4.187490815,5.846112042,,0,,,1
,6.03063996,,0,,,1
7.808012212,6.378364494,,0,,,1
5.895948983,4.600729971,,0,,,1
7.269652253,3.181183291,,0,,,1
,9.794730236,,0,,,1
9.489600966,8.349206794,,0,,,1
7.457979827,7.475273364,,0,,,1
7.992320364,9.598742281,,0,,,1
7.746343115,8.458102716,,0,,,1
8.27579563,5.742828935,,0,,,1
6.879959452,2.741712117,,0,,,1
6.799375518,10.36567986,,0,,,1
8.167767663,4.545520137,,0,,,1
,5.947389617,,0,,,1
4.736404607,5.271367217,,0,,,1
5.95392389,9.67726887,,0,,,1
6.578998162,7.317575186,,0,,,1
8.775485734,7.931502717,,0,,,1
6.850302032,3.372369254,,0,,,1
8.757110512,8.544763659,,0,,,1
,6.901040767,,0,,,1
,6.425770037,,0,,,1
8.073278952,7.8987316,,0,,,1
5.078274175,4.105766323,,0,,,1
7.444914015,8.175744202,,0,,,1
9.434005875,5.857333129,,0,,,1
5.905906954,9.125163916,,0,,,1
5.803496976,4.146601118,,0,,,1
7.617151922,6.225933056,,0,,,1
9.008464334,5.594006548,,0,,,1
5.422445768,5.491962673,,0,,,1
9.778181813,7.66610873,,0,,,1
5.204938763,7.300265028,,0,,,1
4.872560878,7.078014889,,0,,,1
7.793914804,7.868035975,,0,,,1
,10.0870624,,0,,,1
7.058182608,8.556396061,,0,,,1
7.890354274,7.773484086,,0,,,1
7.535700191,6.701159346,,0,,,1
7.202534416,8.015743173,,0,,,1
,5.606500395,,0,,,1
8.722143777,3.651961339,,0,,,1
8.352635176,4.439791251,,0,,,1
6.284385791,8.980270624,,0,,,1
,7.48977937,,0,,,1
9.30566048,6.914685303,,0,,,1
4.923178856,5.648145718,,0,,,1
6.14301848,3.684462664,,0,,,1
5.744504157,6.69394938,,0,,,1
6.616649175,8.353373632,,0,,,1
7.62349992,6.040735165,,0,,,1
7.860106422,6.18785721,,0,,,1
7.393110153,7.740377118,,0,,,1
,6.394342434,,0,,,1
5.579517093,7.698690079,,0,,,1
4.303574607,7.490508409,,0,,,1
7.310715696,8.43751497,,0,,,1
6.417702476,5.573848754,,0,,,1
,5.454993533,,0,,,1
10.77431809,7.602196992,,0,,,1
5.036453976,4.991061122,,0,,,1
,7.774360848,,0,,,1
10.41504401,6.354814992,,0,,,1
8.41860665,5.605863656,,0,,,1
7.808641136,7.219558056,,0,,,1
7.55796363,3.311607257,,0,,,1
11.24450714,5.888459998,,0,,,1
5.728823779,5.684492228,,0,,,1
10.48680842,9.548769015,,0,,,1
3.792125732,6.110295327,,0,,,1
5.716251354,5.299163637,,0,,,1
,6.151217323,,0,,,1
5.473603398,5.62136169,,0,,,1
,3.91271409,,0,,,1
6.770926884,5.215861524,,0,,,1
6.043360084,4.371024856,,0,,,1
,4.976788271,,0,,,1
6.320427823,6.968422638,,0,,,1
9.185417502,8.10831798,,0,,,1
8.684778672,5.381993558,,0,,,1
7.961721463,9.492074041,,0,,,1
5.484151254,5.003730632,,0,,,1
7.186931122,4.98443183,,0,,,1
5.470802484,6.043395449,,0,,,1
,7.036828316,,0,,,1
9.792727769,5.214315143,,0,,,1
3.637170625,7.532191966,,0,,,1
7.064789081,7.443243199,,0,,,1
6.632031569,7.964525125,,0,,,1
5.913956688,7.784749911,,0,,,1
9.484703254,4.219710533,,0,,,1
8.447404488,6.433183888,,0,,,1
7.727421141,9.716908129,,0,,,1
6.859323726,5.88555748,,0,,,1
5.846786697,8.442033604,,0,,,1
6.300001767,4.242828909,,0,,,1
6.646469922,11.14310959,,0,,,1
7.313446756,4.143329384,,0,,,1
6.572656389,6.164621289,,0,,,1
6.002414612,5.687754931,,0,,,1
,9.112484615,,0,,,1
5.93605711,9.982723538,,0,,,1
7.591089848,5.307070876,,0,,,1
6.875746152,7.571359939,,0,,,1
8.016279103,9.796999515,,0,,,1
8.783596632,7.415405532,,0,,,1
6.911698241,7.224710175,,0,,,1
8.719240207,7.421209914,,0,,,1
5.974583248,5.662657247,,0,,,1
4.429378735,9.010332225,,0,,,1
,4.792361012,,0,,,1
,8.026586327,,0,,,1
8.215123507,3.308977339,,0,,,1
7.828740105,5.438776429,,0,,,1
7.949964795,7.833274965,,0,,,1
6.114332051,5.568042053,,0,,,1
,6.661473866,,0,,,1
7.139428273,8.111958085,,0,,,1
,7.977730118,,0,,,1
7.96852587,4.716576508,,0,,,1
6.635894308,6.032863905,,0,,,1
6.394548023,7.065083741,,0,,,1
6.280978207,8.417895728,,0,,,1
7.992026977,6.587302301,,0,,,1
5.068795502,5.330123052,,0,,,1
,6.309685173,,0,,,1
8.151248962,7.009437062,,0,,,1
7.582941677,5.892272674,,0,,,1
5.34411687,6.559265111,,0,,,1
7.871961403,8.076613047,,0,,,1
5.327023534,7.362410883,,0,,,1
10.55027327,8.933966139,,0,,,1
,4.951277048,,0,,,1
7.47102667,6.878354264,,0,,,1
7.943882477,7.769214769,,0,,,0
2.69083124,6.053071945,,0,,,0
9.13569426,6.18592512,,0,,,0
5.214009194,5.783357386,,0,,,0
8.649534947,6.048403825,,0,,,0
7.75667895,7.462613332,,0,,,0
7.104295204,7.170976988,,0,,,0
5.363362645,6.520854677,,0,,,0
6.582499747,8.565831605,,0,,,0
6.810466517,7.422781037,,0,,,0
,6.979954608,,0,,,0
5.574116595,9.219973245,,0,,,0
8.555283423,8.290688225,,0,,,0
4.483402761,5.276730858,,0,,,0
3.783043638,4.667081744,,0,,,0
7.138374317,6.907714498,,0,,,0
,7.404582502,,0,,,0
7.912361028,8.913364275,,0,,,0
,7.702135354,,0,,,0
9.128357758,6.850200389,,0,,,0
5.271971378,6.183950032,,0,,,0
6.465093529,7.420154854,,0,,,0
8.245186596,9.369641789,,0,,,0
,8.008076903,,0,,,0
6.704791892,6.942106756,,0,,,0
6.430254786,7.087909963,,0,,,0
7.482791276,8.17186545,,0,,,0
5.504452321,6.800957669,,0,,,0
7.521920636,7.177654989,,0,,,0
,5.959309158,,0,,,0
8.522567733,6.729775469,,0,,,0
5.694475546,6.556668445,,0,,,0
6.93450359,5.666870422,,0,,,0
6.115180039,6.707523246,,0,,,0
8.575673022,4.865462912,,0,,,0
5.689142988,7.238470318,,0,,,0
,5.454050988,,0,,,0
7.2261272,6.19362394,,0,,,0
7.197795992,6.89759414,,0,,,0
3.846814328,5.629535947,,0,,,0
5.896339346,5.292162419,,0,,,0
,7.865780791,,0,,,0
8.326349854,8.36413102,,0,,,0
6.891561655,5.153869518,,0,,,0
5.548124947,6.647425228,,0,,,0
,7.338416847,,0,,,0
5.386637962,7.312751933,,0,,,0
7.262534652,5.837807201,,0,,,0
6.257085791,7.075130627,,0,,,0
7.025504335,7.276064918,,0,,,0
6.584839333,6.673977405,,0,,,0
6.565633547,6.693213781,,0,,,0
6.622102936,7.256071193,,0,,,0
7.217392781,5.993126371,,0,,,0
5.253907429,5.817404296,,0,,,0
8.131375234,6.678740616,,0,,,0
6.61977546,6.807580134,,0,,,0
,8.202453025,,0,,,0
6.217255307,5.946073643,,0,,,0
5.019984767,6.184709662,,0,,,0
6.907379615,6.874702424,,0,,,0
6.313114732,7.086468938,,0,,,0
,8.73778295,,0,,,0
7.29392925,7.721977429,,0,,,0
6.63036382,7.703480585,,0,,,0
8.015780395,6.259376144,,0,,,0
4.249890379,5.360895563,,0,,,0
4.26526964,5.914884438,,0,,,0
9.266840595,6.83877883,,0,,,0
9.619456626,7.939888575,,0,,,0
7.086877326,7.354034994,,0,,,0
3.433874059,5.973097827,,0,,,0
8.436759029,7.863084071,,0,,,0
12.24692807,8.465160384,,0,,,0
7.34303194,5.788346418,,0,,,0
4.616438934,6.080029056,,0,,,0
8.307462969,6.895145947,,0,,,0
4.909640554,6.929793189,,0,,,0
7.70910636,7.734441196,,0,,,0
,6.290279267,,0,,,0
7.818274839,7.504452893,,0,,,0
8.207458913,6.761682296,,0,,,0
6.958534137,7.363593124,,0,,,0
,7.203401351,,0,,,0
4.349439999,5.96772234,,0,,,0
6.629985036,6.546463536,,0,,,0
8.96969739,7.467068018,,0,,,0
6.77105029,6.746343805,,0,,,0
6.724639342,7.744699887,,0,,,0
,6.572390232,,0,,,0
6.967270764,8.977179703,,0,,,0
,7.380664026,,0,,,0
7.053116739,8.051172566,,0,,,0
7.755154227,6.911867556,,0,,,0
8.580008559,7.040727475,,0,,,0
6.901710203,7.436807556,,0,,,0
7.814250247,7.631406985,,0,,,0
5.918953546,5.326271917,,0,,,0
7.021295306,5.907272718,,0,,,0
,8.115767881,,0,,,0
8.132736965,8.684832598,,0,,,0
6.057068041,5.753405052,,0,,,0
5.343075103,6.651801292,,0,,,0
,8.728973148,,0,,,0
5.742533063,6.826412756,,0,,,0
6.584813111,6.238919727,,0,,,0
8.070477127,6.90236983,,0,,,0
6.652824348,5.949621953,,0,,,0
5.506061504,5.983996404,,0,,,0
,7.094065866,,0,,,0
6.441766486,6.685755348,,0,,,0
,6.95166555,,0,,,0
8.248703054,7.877666104,,0,,,0
2.569243562,6.380683613,,0,,,0
5.664845758,5.153872814,,0,,,0
8.999498939,7.980450812,,0,,,0
5.588537191,5.588614466,,0,,,0
6.265637344,6.835968227,,0,,,0
6.922041828,8.463003514,,0,,,0
8.072612403,8.793458648,,0,,,0
8.828094375,8.940380138,,0,,,0
8.647454007,6.195449079,,0,,,0
7.475536902,7.498494554,,0,,,0
11.53488049,7.416772689,,0,,,0
6.453064803,6.354508122,,0,,,0
8.192210156,7.35468512,,0,,,0
7.247700982,9.080905701,,0,,,0
7.893131973,5.628775692,,0,,,0
6.164449536,8.551278808,,0,,,0
7.9373922,5.117364166,,0,,,0
8.281120655,7.493278655,,0,,,0
4.906491593,5.843756805,,0,,,0
8.143483376,6.607835039,,0,,,0
5.117913529,5.50290347,,0,,,0
6.449070009,5.15222567,,0,,,0
5.613562647,5.618949091,,0,,,0
5.754212968,7.29930192,,0,,,0
6.906574998,5.13659883,,0,,,0
6.336267097,6.963477659,,0,,,0
8.121253676,6.547649991,,0,,,0
,7.266597743,,0,,,0
8.935115926,6.414851565,,0,,,0
6.45278075,6.914692835,,0,,,0
8.458814662,6.41004315,,0,,,0
6.930082548,5.945302783,,0,,,0
6.255070001,6.233140365,,0,,,0
5.669818774,6.604949593,,0,,,0
7.945407487,6.636454141,,0,,,0
7.499844232,7.148518353,,0,,,0
4.695516141,7.879750032,,0,,,0
6.710633528,6.726664086,,0,,,0
9.502856746,6.416458708,,0,,,0
4.405327147,6.308198373,,0,,,0
6.810344849,7.847711669,,0,,,0
6.983133113,6.931627922,,0,,,0
6.968131313,7.285997694,,0,,,0
5.76255225,6.302263825,,0,,,0
8.397248096,8.117217578,,0,,,0
8.828326658,7.145967391,,0,,,0
9.395842202,8.275034896,,0,,,0
7.593176933,7.71011997,,0,,,0
5.149133288,6.708067811,,0,,,0
4.916740541,6.857582643,,0,,,0
,7.21740845,,0,,,0
7.371289877,7.377422363,,0,,,0
8.278752741,7.249878728,,0,,,0
10.20297155,7.491895008,,0,,,0
4.562156483,7.815124721,,0,,,0
,7.518692009,,0,,,0
5.202672013,6.959567222,,0,,,0
9.149733927,7.667655266,,0,,,0
7.615556979,6.012315538,,0,,,0
7.813067625,7.607639272,,0,,,0
7.721032688,7.683399376,,0,,,0
9.056244707,7.688917072,,0,,,0
8.082657125,8.771784092,,0,,,0
5.84866707,6.095883817,,0,,,0
8.470545999,7.904381266,,0,,,0
9.22858163,6.056989143,,0,,,0
8.170588045,5.489258691,,0,,,0
6.381977105,6.171162005,,0,,,0
6.98981377,8.36101866,,0,,,0
10.3781082,9.823507151,,0,,,0
,6.815718722,,0,,,0
3.590822364,5.542363644,,0,,,0
7.388518503,7.766494669,,0,,,0
6.966835168,7.105619057,,0,,,0
6.703486854,7.009805809,,0,,,0
7.139671256,6.539415891,,0,,,0
6.64879301,7.656506229,,0,,,0
,9.832911193,,0,,,0
7.940713224,7.515814624,,0,,,0
8.228563825,6.712006974,,0,,,0
8.665692083,6.281552959,,0,,,0
5.06404246,9.134812617,,0,,,0
7.894322783,8.19810571,,0,,,0
7.042793877,7.701926489,,0,,,0
8.305063984,5.807121708,,0,,,0
8.268307592,6.383226138,,0,,,0
,5.956792226,,0,,,0
7.397562418,5.919099072,,0,,,0
6.36729853,6.035221327,,0,,,0
8.410625565,8.17800799,,0,,,0
7.098245544,6.28458211,,0,,,0
7.32250205,6.661157431,,0,,,0
5.198224971,5.893458352,,0,,,0
,8.442056505,,0,,,0
,6.6690566,,0,,,0
6.280905113,7.866135209,,0,,,0
6.823930137,6.423224369,,0,,,0
6.629993518,7.278911619,,0,,,0
10.30157127,7.464893143,,0,,,0
6.123193935,5.824041884,,0,,,0
,6.459459721,,0,,,0
6.848033469,6.132131504,,0,,,0
,8.075967472,,0,,,0
6.411525836,8.262397946,,0,,,0
5.122648455,7.027441295,,0,,,0
3.43485576,8.150954368,,0,,,0
10.84813042,9.002884993,,0,,,0
8.725393412,8.670126667,,0,,,0
10.35174253,8.784378179,,0,,,0
8.174028131,6.955821311,,0,,,0
8.034011917,6.5010969,,0,,,0
8.205541815,5.002791912,,0,,,0
7.893818459,7.334428248,,0,,,0
,6.866826342,,0,,,0
5.488135469,5.454063428,,0,,,0
8.163074031,8.087495754,,0,,,0
6.867000691,6.759352212,,0,,,0
5.821706914,6.631835992,,0,,,0
7.451888779,6.754242497,,0,,,0
6.898315041,9.56402666,,0,,,0
7.544340114,5.741253814,,0,,,0
4.103867855,5.850079945,,0,,,0
5.329938815,5.729574899,,0,,,0
6.962993545,7.691454199,,0,,,0
6.846059942,6.147209937,,0,,,0
6.279842183,7.059985115,,0,,,0
6.739849728,5.869684683,,0,,,0
5.495035446,7.356517093,,0,,,0
7.583770299,8.532725773,,0,,,0
5.866702734,5.78470854,,0,,,0
6.394980461,8.739505128,,0,,,0
5.82126163,7.867815242,,0,,,0
5.514062185,6.64635563,,0,,,0
6.730883602,7.450541237,,0,,,0
5.198067643,7.401099401,,0,,,0
,6.179376874,,0,,,0
7.362331187,6.478948476,,0,,,0
7.06614184,8.064693072,,0,,,1
5.420347747,6.536679802,,0,,,1
7.015332583,7.838884174,,0,,,1
,9.812468419,,0,,,1
6.044671753,6.456238477,,0,,,1
6.198650336,6.218948454,,0,,,1
7.678945067,7.099474378,,0,,,1
8.062066123,4.740110743,,0,,,1
7.255798597,7.572435471,,0,,,1
,8.731751183,,0,,,1
6.792407469,6.811415525,,0,,,1
7.368165577,9.469763497,,0,,,1
8.837786915,7.870061541,,0,,,1
7.108140711,7.003487667,,0,,,1
5.289618437,6.278292699,,0,,,1
7.169251038,5.408353952,,0,,,1
7.695049437,8.053642008,,0,,,1
8.693149901,8.877010593,,0,,,1
,8.319079888,,0,,,1
6.999764511,7.652135132,,0,,,1
6.897922717,6.352933531,,0,,,1
6.382314604,7.360504475,,0,,,1
9.917092057,7.408017537,,0,,,1
5.609025354,6.772753383,,0,,,1
6.277463093,7.389259612,,0,,,1
,7.597687574,,0,,,1
7.714312672,7.856556902,,0,,,1
6.351286549,6.867963632,,0,,,1
7.958871446,7.673719025,,0,,,1
6.618186567,5.925462323,,0,,,1
6.000723336,4.339125999,,0,,,1
6.39292784,5.298877262,,0,,,1
6.977267852,5.274744659,,0,,,1
6.353436844,6.690393745,,0,,,1
6.019939995,6.903524638,,0,,,1
7.330196877,9.19457484,,0,,,1
9.241338767,6.778054104,,0,,,1
6.593174457,4.709044275,,0,,,1
6.948265449,10.11698418,,0,,,1
,8.546187001,,0,,,1
,7.366497202,,0,,,1
5.938321179,7.795542714,,0,,,1
8.249550509,7.019971075,,0,,,1
6.903816978,4.881376648,,0,,,1
7.605674821,8.509403339,,0,,,1
6.589290501,4.949409764,,0,,,1
7.511816641,8.034283891,,0,,,1
7.301444654,4.768780801,,0,,,1
6.788291583,6.939853225,,0,,,1
,4.964448948,,0,,,1
,6.998157842,,0,,,1
6.692531669,4.727072323,,0,,,1
6.028101118,9.378390092,,0,,,1
6.715940564,8.915970938,,0,,,1
7.490786676,7.120772303,,0,,,1
,5.517279718,,0,,,1
6.336588682,6.851404882,,0,,,1
7.381757557,11.12915366,,0,,,1
7.256015039,5.265557586,,0,,,1
7.025821771,7.342380639,,0,,,1
7.606880475,5.703617134,,0,,,1
6.983860439,7.657534113,,0,,,1
6.347020018,3.40268159,,0,,,1
7.322828417,7.425580497,,0,,,1
6.777506359,6.182409482,,0,,,1
8.370364965,5.791452509,,0,,,1
6.642755695,6.062561087,,0,,,1
6.217584914,7.751461186,,0,,,1
6.630122156,4.973866332,,0,,,1
8.051022203,6.392120731,,0,,,1
8.416086817,7.784123049,,0,,,1
,7.136712611,,0,,,1
7.933067692,7.717186742,,0,,,1
7.917608595,7.263017971,,0,,,1
8.942045991,3.231438401,,0,,,1
7.033945359,7.570768596,,0,,,1
,4.064877887,,0,,,1
7.580048808,5.884795116,,0,,,1
8.473249064,7.212916681,,0,,,1
6.816416925,8.706012437,,0,,,1
6.460033522,6.502544137,,0,,,1
6.227826795,4.973592706,,0,,,1
,7.470352523,,0,,,1
,9.89270344,,0,,,1
5.632731647,7.144655075,,0,,,1
6.191241443,4.38109672,,0,,,1
7.701032797,6.81241564,,0,,,1
,9.081880473,,0,,,1
8.832641116,6.817660238,,0,,,1
5.646083312,8.283757695,,0,,,1
7.332103963,7.253851858,,0,,,1
7.896743922,9.610055886,,0,,,1
5.675294715,6.014737759,,0,,,1
6.010617577,8.165222041,,0,,,1
7.986018499,5.687865445,,0,,,1
,7.758237007,,0,,,1
7.159613912,5.48492041,,0,,,1
7.565198073,8.208677807,,0,,,1
6.865568515,5.676387235,,0,,,1
5.736675709,7.907876695,,0,,,1
6.129069622,7.387451233,,0,,,1
5.991371082,5.922292949,,0,,,1
9.723377231,9.75208796,,0,,,1
7.736312841,7.158342921,,0,,,1
6.715799479,6.369162812,,0,,,1
7.966762553,7.476969241,,0,,,1
8.242558635,7.639210005,,0,,,1
6.539546128,7.015365326,,0,,,1
6.78538406,5.565529496,,0,,,1
7.007974587,7.773735988,,0,,,1
7.740383939,9.989628391,,0,,,1
7.918087079,7.432179521,,0,,,1
5.772769698,5.808579501,,0,,,1
7.571684493,9.56610541,,0,,,1
8.73352533,6.594144886,,0,,,1
6.917858355,6.529774496,,0,,,1
8.512780909,6.765469172,,0,,,1
6.539115261,7.177445309,,0,,,1
,6.961296582,,0,,,1
8.22708313,7.130161148,,0,,,1
7.274198051,7.654550198,,0,,,1
7.118980168,5.089127566,,0,,,1
,6.066792957,,0,,,1
5.941942536,6.390679361,,0,,,1
7.278910903,7.15654054,,0,,,1
7.445189026,10.57340291,,0,,,1
6.442496436,8.960736008,,0,,,1
,5.216683162,,0,,,1
6.919726155,6.371977545,,0,,,1
6.47237105,7.623012262,,0,,,1
8.25121778,7.044432595,,0,,,1
,8.14835847,,0,,,1
6.707108206,7.967188427,,0,,,1
7.24019447,4.807069267,,0,,,1
6.528490775,6.826330632,,0,,,1
7.031839174,7.836606041,,0,,,1
7.494391101,6.881658941,,0,,,1
6.957433638,6.997160011,,0,,,1
,8.405842293,,0,,,1
6.962324595,5.088710486,,0,,,1
6.509621638,6.862782054,,0,,,1
8.069297893,8.038212718,,0,,,1
7.213375388,6.915301472,,0,,,1
6.790838199,9.923315466,,0,,,1
6.975209178,5.494254342,,0,,,1
7.422225264,5.602313547,,0,,,1
6.505065807,6.938467053,,0,,,1
6.617862257,7.02218702,,0,,,1
6.769769339,7.051697433,,0,,,1
6.341751224,8.361337389,,0,,,1
7.058866081,8.435789356,,0,,,1
7.539287395,7.002092479,,0,,,1
,5.512927024,,0,,,1
7.490807654,8.534328845,,0,,,1
6.037428194,8.476905391,,0,,,1
,8.104497502,,0,,,1
6.706695161,7.881448097,,0,,,1
,4.894281397,,0,,,1
,9.454207284,,0,,,1
6.758851697,7.196435143,,0,,,1
7.48678088,4.584071245,,0,,,0
6.904121373,7.792593267,,0,,,0
,5.829424193,,0,,,0
7.348937142,10.57468147,,0,,,0
7.846057926,5.922367041,,0,,,0
,7.608653348,,0,,,0
6.1798098,8.014257064,,0,,,0
6.755669308,7.557414862,,0,,,0
,3.632113587,,0,,,0
7.266598792,7.138813886,,0,,,0
8.218171066,5.000450606,,0,,,0
6.980061939,6.479557844,,0,,,0
6.381978996,8.286513899,,0,,,0
6.64800546,5.66166259,,0,,,0
5.899936567,9.446147977,,0,,,0
7.260904363,6.576866192,,0,,,0
5.575920648,9.689175439,,0,,,0
5.467401255,9.264883097,,0,,,0
6.090016057,9.29729963,,0,,,0
8.205447053,6.580460164,,0,,,0
7.670505864,5.216368725,,0,,,0
6.791097166,5.803999901,,0,,,0
6.006769481,8.166416283,,0,,,0
,5.995276838,,0,,,0
6.336342762,6.584414155,,0,,,0
7.473235377,5.770106829,,0,,,0
,8.272939792,,0,,,0
7.380104835,7.101816885,,0,,,0
10.067633,4.503365936,,0,,,0
5.9159443,10.06943454,,0,,,0
,8.365578508,,0,,,0
6.124847329,6.610787895,,0,,,0
,3.961110719,,0,,,0
7.876495131,8.0757381,,0,,,0
6.021051323,10.2135746,,0,,,0
,7.331568424,,0,,,0
,6.801860754,,0,,,0
6.58545023,9.508298704,,0,,,0
6.342671183,7.275077846,,0,,,0
6.632990254,7.347360637,,0,,,0
5.400700138,7.878997796,,0,,,0
7.460147818,6.926943239,,0,,,0
6.709822001,4.633573767,,0,,,0
8.054893322,5.096893752,,0,,,0
5.365192408,7.507931031,,0,,,0
6.920388988,9.993375714,,0,,,0
7.025456548,5.232019589,,0,,,0
7.974248428,6.055533741,,0,,,0
8.03105522,8.754513038,,0,,,0
7.614056817,8.131319435,,0,,,0
7.643578362,9.529227822,,0,,,0
7.731315009,6.028454349,,0,,,0
6.268402756,6.832938265,,0,,,0
7.369911642,5.43502469,,0,,,0
,5.694556571,,0,,,0
6.320375285,7.605958275,,0,,,0
7.290088572,5.13789062,,0,,,0
6.356511062,8.345192367,,0,,,0
7.974065001,2.456013596,,0,,,0
4.943508444,8.877868642,,0,,,0
7.700362305,6.356293646,,0,,,0
6.05460718,5.983974184,,0,,,0
4.22142068,7.960887807,,0,,,0
8.545890346,3.619779035,,0,,,0
7.752176213,6.817247235,,0,,,0
5.588129751,8.32189684,,0,,,0
8.649868625,7.240819805,,0,,,0
7.899256515,4.996763122,,0,,,0
5.952267969,7.330957605,,0,,,0
8.040187557,7.20030983,,0,,,0
4.313219151,8.231574473,,0,,,0
6.707016928,7.80929151,,0,,,0
5.853560601,6.615780733,,0,,,0
8.817402774,6.730860948,,0,,,0
,4.710509992,,0,,,0
,7.568896606,,0,,,0
7.47640846,9.791960768,,0,,,0
7.691486298,7.69072772,,0,,,0
7.367371853,8.062782659,,0,,,0
8.927905926,4.25272141,,0,,,0
5.62122732,8.809433144,,0,,,0
6.450644925,5.655138862,,0,,,0
7.566517125,7.816636047,,0,,,0
6.115637546,10.08834489,,0,,,0
7.595228724,6.745588412,,0,,,0
,8.586100558,,0,,,0
7.131221859,7.690362629,,0,,,0
7.399724708,5.497159163,,0,,,0
7.002479941,10.13598691,,0,,,0
5.345345371,7.822600687,,0,,,0
6.185951163,7.608495516,,0,,,0
6.070090952,6.241526548,,0,,,0
7.095569331,5.984901235,,0,,,0
,7.0314237,,0,,,0
3.928556492,7.692417174,,0,,,0
6.352973105,9.179441915,,0,,,0
5.999125178,6.029641484,,0,,,0
8.899588378,4.793574529,,0,,,0
7.37533762,5.074145829,,0,,,0
8.979322853,6.264584285,,0,,,0
8.532377474,6.298969846,,0,,,0
7.213537481,5.162278044,,0,,,0
,8.12991171,,0,,,0
8.895574458,6.163319674,,0,,,0
6.582764204,6.987977754,,0,,,0
,8.581319746,,0,,,0
,6.344390014,,0,,,0
5.986593892,8.940429867,,0,,,0
6.841221063,7.11571467,,0,,,0
,5.406394014,,0,,,0
7.146117225,8.381737717,,0,,,0
,8.961425095,,0,,,0
7.507575296,6.907736147,,0,,,0
7.997175823,6.19139922,,0,,,0
5.174345998,6.961265386,,0,,,0
,7.132153668,,0,,,0
6.479092567,7.160084004,,0,,,0
7.811512445,6.361756275,,0,,,0
7.437216653,6.121662233,,0,,,0
7.953878115,5.699539953,,0,,,0
6.396569931,6.794551403,,0,,,0
,5.404248262,,0,,,0
8.058135997,6.12917258,,0,,,0
,10.00587076,,0,,,0
,4.94978742,,0,,,0
9.497261163,4.81465598,,0,,,0
7.984710742,5.796841349,,0,,,0
6.26111058,9.922076247,,0,,,0
6.957802749,7.054093205,,0,,,0
9.663159015,4.234142964,,0,,,0
6.732713713,7.396764075,,0,,,0
4.886057057,6.985179147,,0,,,0
9.610220345,4.639027545,,0,,,0
8.518531795,6.058740241,,0,,,0
6.950786515,6.120771056,,0,,,0
6.023022741,8.200972594,,0,,,0
9.011480407,3.139552658,,0,,,0
7.946767904,7.561175804,,0,,,0
7.709617351,5.758055531,,0,,,0
6.081615358,9.406773534,,0,,,0
8.146185794,5.476948714,,0,,,0
8.141861116,8.390811851,,0,,,0
7.703356821,9.245305828,,0,,,0
,8.660711291,,0,,,0
9.252856509,5.905055794,,0,,,0
6.047651489,8.174384532,,0,,,0
6.152857802,8.216485933,,0,,,0
9.074922874,7.42738062,,0,,,0
7.436537227,7.896364631,,0,,,0
,9.43544598,,0,,,0
7.130099196,8.415948255,,0,,,0
6.79212545,4.970601199,,0,,,0
,9.618516474,,0,,,0
8.885626344,6.503297311,,0,,,0
9.47531626,5.333859972,,0,,,0
,5.564002471,,0,,,0
7.183108734,6.081664053,,0,,,0
6.157443145,8.163143898,,0,,,0
6.467868302,9.840948554,,0,,,0
,6.374495722,,0,,,0
7.488133464,8.613303748,,0,,,0
7.32354512,6.842947202,,0,,,0
,9.228602856,,0,,,0
6.530796124,7.347951526,,0,,,0
6.931470427,7.286335788,,0,,,0
7.774645243,5.603120374,,0,,,0
8.107500139,6.643620149,,0,,,0
6.306864459,7.153363582,,0,,,0
,5.735689157,,0,,,0
6.609680322,7.725313959,,0,,,0
6.632205879,8.336777938,,0,,,0
,7.086374655,,0,,,0
5.716755667,8.702061414,,0,,,0
7.74045387,8.854386131,,0,,,0
6.277277371,5.035633211,,0,,,0
8.006373298,5.1652924,,0,,,0
6.513016586,6.742150215,,0,,,0
6.234197672,9.455598356,,0,,,0
7.277143967,6.121931342,,0,,,0
6.04451303,7.714291552,,0,,,0
6.643026538,5.908110988,,0,,,0
5.15045654,7.024306505,,0,,,0
6.110545161,7.68124459,,0,,,0
7.831117737,6.803061491,,0,,,0
6.980727164,6.196276276,,0,,,0
8.552782416,6.986705178,,0,,,0
6.449379439,7.701630393,,0,,,0
7.392084038,9.120931425,,0,,,0
8.360795827,5.536705208,,0,,,0
7.619845077,6.360070219,,0,,,0
5.404510674,9.648197064,,0,,,0
7.079303518,5.705692803,,0,,,0
,6.637384365,,0,,,0
7.161714893,9.274119529,,0,,,0
6.854946859,5.734803645,,0,,,0
7.309556407,7.715571777,,0,,,0
9.313465893,6.628037165,,0,,,0
,6.38354832,,0,,,0
,6.381452049,,0,,,0
6.187938054,6.253224096,,0,,,0
,5.515977392,,0,,,0
7.965337305,7.106043486,,0,,,0
9.264390909,3.988748936,,0,,,0
7.754044354,8.107066903,,0,,,0
9.393891652,7.166592283,,0,,,0
8.176079615,5.241047394,,0,,,0
8.337696201,5.452161832,,0,,,0
,7.664545656,,0,,,0
7.191024857,9.214409135,,0,,,0
8.613698595,7.622564839,,0,,,0
7.793039171,8.271245714,,0,,,0
3.878879389,7.369768571,,0,,,0
,4.365238215,,0,,,0
3.978284627,8.410892223,,0,,,0
5.96406536,6.208117842,,0,,,0
7.53205858,5.791102494,,0,,,0
7.233538435,6.073040907,,0,,,0
,8.948087688,,0,,,0
,5.289306682,,0,,,0
7.480728114,4.70282091,,0,,,0
4.477091714,4.842658321,,0,,,0
,6.32979107,,0,,,0
,7.621234063,,0,,,0
6.31407747,5.713940404,,0,,,0
,8.946504194,,0,,,0
8.822610384,7.322162833,,0,,,0
6.922652371,9.886831314,,0,,,0
,5.457299213,,0,,,0
6.904536858,2.621267556,,0,,,0
6.548017642,7.415053894,,0,,,0
6.581082756,5.837151802,,0,,,0
7.864649673,7.432010935,,0,,,0
6.136907177,8.487855965,,0,,,0
6.94702854,6.409476274,,0,,,0
6.203322508,8.034868235,,0,,,0
,5.400497252,,0,,,0
8.373170925,5.21504235,,0,,,0
,7.044833011,,0,,,0
5.921247069,6.756200029,,0,,,0
8.829806178,7.856311801,,0,,,0
,7.317569734,,0,,,0
6.832217388,6.055985023,,0,,,0
9.281302611,3.903496226,,0,,,0
7.456250785,5.72622359,,0,,,0
7.088250976,6.941216657,,0,,,0
5.648628538,7.735347786,,0,,,0
4.293961235,8.261635176,,0,,,0
9.678050854,4.074141162,,0,,,0
8.662709501,5.636388433,,0,,,0
5.897391121,8.649614737,,0,,,0
9.494242648,5.265718338,,0,,,1
,7.597653599,,0,,,1
7.080193059,8.806392749,,0,,,1
7.55985231,8.647879533,,0,,,1
7.040394956,7.953572279,,0,,,1
8.053043682,8.267536832,,0,,,1
7.044375319,7.837777991,,0,,,1
6.309891576,6.975602004,,0,,,1
6.203572848,3.876812715,,0,,,1
6.879404957,9.035250354,,0,,,1
7.754884394,5.69375192,,0,,,1
7.916669699,7.525440975,,0,,,1
6.405392482,8.450272355,,0,,,1
7.795957801,6.47599443,,0,,,1
6.963979351,6.424098533,,0,,,1
6.967861397,6.457686555,,0,,,1
6.622791356,6.36353754,,0,,,1
7.369988621,7.404434524,,0,,,1
,5.322111986,,0,,,1
6.944868387,6.341406959,,0,,,1
5.284810115,6.82046898,,0,,,1
6.851442603,7.446411727,,0,,,1
7.760189365,7.930381857,,0,,,1
7.280560357,7.871025151,,0,,,1
6.83425989,6.407647889,,0,,,1
6.728975148,8.45766165,,0,,,1
8.016418375,8.761916273,,0,,,1
6.864916739,7.074062934,,0,,,1
5.80897552,6.680188314,,0,,,1
8.458796988,5.783275484,,0,,,1
6.987335279,5.871179933,,0,,,1
7.288736661,8.533888278,,0,,,1
8.116350275,5.290690953,,0,,,1
7.463915951,7.782915308,,0,,,1
7.512361216,8.635030814,,0,,,1
6.415108472,6.845300491,,0,,,1
7.059940234,8.5911131,,0,,,1
,7.287310207,,0,,,1
7.425102223,7.434492748,,0,,,1
6.742622398,7.452361819,,0,,,1
7.682923445,8.021667794,,0,,,1
7.041665417,6.772750799,,0,,,1
7.185276449,8.142512834,,0,,,1
6.597292363,7.29457739,,0,,,1
6.908853083,6.404354015,,0,,,1
,8.027829882,,0,,,1
,8.326154937,,0,,,1
6.281903929,6.730577013,,0,,,1
7.036752104,8.378282177,,0,,,1
7.362912867,6.664786369,,0,,,1
7.369087139,8.899711626,,0,,,1
7.708109989,5.047915869,,0,,,1
6.50411278,7.704989892,,0,,,1
8.185923417,6.611448597,,0,,,1
6.149185174,6.906910694,,0,,,1
7.080445821,8.986784338,,0,,,1
6.628427347,6.931786686,,0,,,1
4.704698462,8.283068934,,0,,,1
7.976900874,5.736026878,,0,,,1
6.809644515,8.681983466,,0,,,1
,5.849569808,,0,,,1
6.967696683,6.430934808,,0,,,1
6.44455517,9.492361329,,0,,,1
6.277742483,8.257751125,,0,,,1
,6.58998049,,0,,,1
9.014356734,6.002653035,,0,,,1
7.78166376,7.784203339,,0,,,1
6.084360116,7.817129175,,0,,,1
7.15473588,8.972661232,,0,,,1
6.74881155,8.895421661,,0,,,1
8.128270069,5.138838499,,0,,,1
,6.485809597,,0,,,1
6.335683142,7.381256051,,0,,,1
5.940475876,10.41083527,,0,,,1
7.614877639,8.222533309,,0,,,1
6.718249445,6.63067451,,0,,,1
6.866356515,7.043424624,,0,,,1
,9.502685366,,0,,,1
7.553844615,5.793011891,,0,,,1
7.366671989,7.851400221,,0,,,1
6.567759613,7.298510421,,0,,,1
6.333640046,6.572681848,,0,,,1
5.892413186,5.311990413,,0,,,1
7.91803917,8.283955431,,0,,,1
6.549124998,5.836980436,,0,,,1
6.804796145,7.112622452,,0,,,1
,8.68232956,,0,,,1
7.17617087,7.794726949,,0,,,1
7.085095883,5.889945335,,0,,,1
7.201702375,5.677451117,,0,,,1
7.776044113,7.764668384,,0,,,1
,6.045077938,,0,,,1
7.046548537,4.449122633,,0,,,1
,7.886383491,,0,,,1
7.732880078,8.226724799,,0,,,1
6.266799948,9.141597004,,0,,,1
6.630251709,5.305394004,,0,,,1
6.775631133,6.084132842,,0,,,1
,7.980192743,,0,,,1
8.164992426,7.992914378,,0,,,1
7.773758137,6.19491,,0,,,1
7.295141332,5.887885103,,0,,,1
,6.82790088,,0,,,1
7.657541728,7.656806896,,0,,,1
7.664793523,7.385414294,,0,,,1
,6.941061732,,0,,,1
7.800421289,7.284675602,,0,,,1
7.264069097,6.932457939,,0,,,1
7.544305636,8.166793312,,0,,,1
7.749773784,7.748921295,,0,,,1
7.442023084,8.493347624,,0,,,1
6.559252621,8.852270123,,0,,,1
7.035036795,7.059382856,,0,,,1
7.880685943,6.208574003,,0,,,1
7.498372459,6.588566093,,0,,,1
,7.713783212,,0,,,1
6.538207173,7.300091677,,0,,,1
6.373288071,6.471639404,,0,,,1
5.756475689,7.304628015,,0,,,1
6.918062438,6.192192751,,0,,,1
8.81350466,6.608774672,,0,,,1
7.361599832,7.929904388,,0,,,1
9.175586153,8.33027629,,0,,,1
,8.750629519,,0,,,1
6.550877193,5.716378673,,0,,,1
6.510855611,7.667533316,,0,,,1
7.347030356,5.766832205,,0,,,1
8.11195317,7.254121956,,0,,,1
,7.617648684,,0,,,1
5.985012451,7.723292487,,0,,,1
,8.590184464,,0,,,1
,6.796914144,,0,,,1
6.433722353,6.378917977,,0,,,1
6.770095146,9.367532688,,0,,,1
7.927969553,6.875298924,,0,,,1
7.338826111,5.975488073,,0,,,1
7.078361074,6.931095897,,0,,,1
6.751668627,7.931912958,,0,,,1
7.744125219,7.623241595,,0,,,1
7.560392023,6.731610676,,0,,,1
7.830607591,6.475112719,,0,,,1
6.746934968,8.495903871,,0,,,1
6.542281787,8.578677988,,0,,,1
8.549692514,4.752267563,,0,,,1
7.499844502,7.821007463,,0,,,1
5.763772807,8.952895934,,0,,,1
7.276863125,7.835638736,,0,,,1
7.493290816,4.947531357,,0,,,1
6.11602398,8.467065245,,0,,,1
5.226895232,6.761928511,,0,,,1
,8.48242112,,0,,,1
6.420640206,9.710618837,,0,,,1
7.669012537,4.263279092,,0,,,1
7.128062255,6.607844327,,0,,,1
,5.398162018,,0,,,1
6.615350135,9.309160027,,0,,,1
6.504876222,6.958284224,,0,,,1
7.459124173,7.551373984,,0,,,1
,8.76523791,,0,,,1
7.096047101,9.181472938,,0,,,1
6.989442177,7.984166088,,0,,,0
,8.396586914,,0,,,0
8.297725878,7.321858643,,0,,,0
3.84645395,7.557872729,,0,,,0
,4.660411233,,0,,,0
9.380007092,7.342534659,,0,,,0
8.998375023,7.923357067,,0,,,0
5.690387424,5.738962367,,0,,,0
7.301563449,9.107017243,,0,,,0
7.031684051,5.818273623,,0,,,0
4.348674993,10.81093799,,0,,,0
5.29419539,3.611358232,,0,,,0
7.257930995,7.196253771,,0,,,0
9.250491639,7.401662765,,0,,,0
9.680474778,6.12780434,,0,,,0
,7.505091883,,0,,,0
6.741245821,7.59458402,,0,,,0
6.81170227,7.056107167,,0,,,0
6.966942962,7.383783243,,0,,,0
7.446089059,9.876515049,,0,,,0
6.210647606,8.792886086,,0,,,0
7.341547112,7.784003063,,0,,,0
7.051396426,8.871523756,,0,,,0
6.64261391,9.060766956,,0,,,0
10.14629048,4.803372505,,0,,,0
14,5.635029028,,0,,,0
8.4695373,10.7255236,,0,,,0
6.043212071,8.414071858,,0,,,0
5.84111884,5.646296962,,0,,,0
8.114665426,6.266781682,,0,,,0
5.585116998,9.252852464,,0,,,0
5.903993501,7.641894524,,0,,,0
10.28412608,3.331265958,,0,,,0
9.57822672,5.659847929,,0,,,0
7.094830834,7.571951408,,0,,,0
,6.950980956,,0,,,0
9.687260028,7.073006591,,0,,,0
6.52744059,10.47497687,,0,,,0
,8.685011669,,0,,,0
7.744772552,5.62257229,,0,,,0
8.28922427,7.979154755,,0,,,0
7.249257333,7.392516963,,0,,,0
7.744098531,6.790681062,,0,,,0
,7.634724094,,0,,,0
6.890274539,8.022936053,,0,,,0
6.047380857,9.360799141,,0,,,0
11.56876797,8.860762307,,0,,,0
10.16483856,7.301688666,,0,,,0
8.722311224,10.65199848,,0,,,0
3.717703935,9.534969961,,0,,,0
4.894278074,7.461702679,,0,,,0
6.071183422,8.093540888,,0,,,0
9.032563451,7.639633915,,0,,,0
9.913703797,6.109515914,,0,,,0
,7.278151486,,0,,,0
4.229224559,6.844547822,,0,,,0
9.135451944,6.74969627,,0,,,0
3.906567514,7.363060149,,0,,,0
7.384048888,9.084967569,,0,,,0
,8.671792922,,0,,,0
8.524296363,11.26438585,,0,,,0
5.706130889,6.383545473,,0,,,0
3.71517136,8.56119828,,0,,,0
6.519847784,8.389077863,,0,,,0
7.910640914,5.454475986,,0,,,0
6.587464617,8.883665238,,0,,,0
4.30002934,7.527317253,,0,,,0
8.575939174,7.532773071,,0,,,0
8.884934503,8.267974106,,0,,,0
10.5047602,7.728504926,,0,,,0
,6.772326726,,0,,,0
6.946717558,5.484258378,,0,,,0
8.107091815,6.237222388,,0,,,0
4.908899724,8.206211929,,0,,,0
5.098967068,7.755905095,,0,,,0
6.093091914,9.600683423,,0,,,0
10.03393346,5.202937534,,0,,,0
8.978997745,5.291516176,,0,,,0
5.514747799,4.346608362,,0,,,0
,6.905988081,,0,,,0
6.731278124,5.119307359,,0,,,0
7.191962029,7.398602629,,0,,,0
,6.375449253,,0,,,0
7.12771121,6.533392203,,0,,,0
5.632040992,8.047798068,,0,,,0
,9.258656302,,0,,,0
7.95502634,3.318045046,,0,,,0
7.775049501,6.105129762,,0,,,0
5.168340328,11.24000044,,0,,,0
7.66752086,8.258578048,,0,,,0
7.272362197,7.589753626,,0,,,0
3.691932693,10.34362612,,0,,,0
,7.875936707,,0,,,0
7.692523534,8.286210559,,0,,,0
8.157518083,6.203675922,,0,,,0
7.187765846,6.377789861,,0,,,0
5.689554344,5.520355821,,0,,,0
8.758824521,7.493432999,,0,,,0
9.814247469,6.39392719,,0,,,0
9.969273221,5.588774777,,0,,,0
,7.874879211,,0,,,0
9.14912671,9.82067494,,0,,,0
,7.307749474,,0,,,0
5.840811554,9.458000394,,0,,,0
,4.453252427,,0,,,0
4.98167205,7.985668404,,0,,,0
5.423318496,6.401045767,,0,,,0
4.838571107,7.403238655,,0,,,0
7.904053371,7.493024193,,0,,,0
6.744064261,7.133913476,,0,,,0
8.66397482,6.030275707,,0,,,0
4.161111968,8.534629001,,0,,,0
8.515977267,7.225366188,,0,,,0
9.99980746,6.194121929,,0,,,0
7.038092306,8.080155764,,0,,,0
2.803563057,8.642034107,,0,,,0
5.972599968,7.012553711,,0,,,0
8.180755326,7.574082058,,0,,,0
7.010243376,6.622597495,,0,,,0
8.179890443,5.184409631,,0,,,0
,7.267572786,,0,,,0
6.865125275,5.61849239,,0,,,0
7.950816584,9.226125017,,0,,,0
,5.937495763,,0,,,0
9.581188523,5.665430735,,0,,,0
7.274756855,6.571089752,,0,,,0
,5.260670005,,0,,,0
8.026773256,8.081496162,,0,,,0
7.879543234,6.217222542,,0,,,0
6.44897109,5.599870342,,0,,,0
5.189413669,10.78649982,,0,,,0
6.538084087,7.424944591,,0,,,0
5.91580675,6.6616162,,0,,,0
8.136497869,6.21530731,,0,,,0
,7.981036899,,0,,,0
6.493764175,6.344963412,,0,,,0
,5.639501073,,0,,,0
6.977405633,5.527299246,,0,,,0
5.489248055,9.504361027,,0,,,0
2.558102799,9.142233666,,0,,,0
7.312109304,8.827413554,,0,,,0
8.55409697,8.115355082,,0,,,0
6.704431913,7.118465403,,0,,,0
,7.611836667,,0,,,0
8.028304242,4.531581224,,0,,,0
,8.562156382,,0,,,0
8.616824426,7.017578359,,0,,,0
9.46712903,8.460489787,,0,,,0
6.793698635,8.471508955,,0,,,0
,5.702174923,,0,,,0
,7.141372233,,0,,,0
5.486058602,9.807779555,,0,,,0
5.05074838,8.11811515,,0,,,0
6.246117565,7.808013457,,0,,,0
8.142330913,8.820155829,,0,,,0
6.852899085,7.634966833,,0,,,0
8.801933555,2.458609195,,0,,,0
,7.10524534,,0,,,0
8.383761691,7.656831105,,0,,,0
6.47613984,7.642952269,,0,,,0
9.894562129,8.778717494,,0,,,0
4.808039747,7.054443859,,0,,,0
10.5779305,2.785718426,,0,,,0
6.30497166,5.456272597,,0,,,0
7.822491883,5.850327619,,0,,,0
7.989376234,8.562428189,,0,,,0
9.671796765,9.309141832,,0,,,0
5.941265556,6.803287747,,0,,,0
5.574755848,8.720971883,,0,,,0
7.610509211,5.600619955,,0,,,0
7.102446618,4.79273841,,0,,,0
5.152739799,7.819479248,,0,,,0
7.301463638,8.17996738,,0,,,0
6.104925814,6.015548014,,0,,,0
6.001382441,8.391882654,,0,,,0
,8.425497504,,0,,,0
7.885678999,7.377662602,,0,,,0
,6.781576022,,0,,,0
7.679090583,8.18539954,,0,,,0
,7.178777064,,0,,,0
10.39194239,3.205786283,,0,,,0
6.714862378,4.95851693,,0,,,0
7.349653377,7.177789422,,0,,,0
,7.702740472,,0,,,0
7.345138417,6.212629076,,0,,,0
10.14708958,5.759743878,,0,,,0
6.380717315,4.854334534,,0,,,0
7.940646964,6.849963704,,0,,,0
,6.252423061,,0,,,0
7.78673469,7.157951509,,0,,,0
6.323040314,6.261933699,,0,,,0
,7.847403918,,0,,,0
6.645657378,7.06656505,,0,,,0
6.014539831,9.035769244,,0,,,0
10.08677124,6.894730553,,0,,,0
5.16622597,8.637097862,,0,,,0
5.573201157,4.157901706,,0,,,0
9.494558726,6.113607757,,0,,,0
9.036504348,5.970186754,,0,,,0
4.400509039,11.75390366,,0,,,0
6.975392341,5.927759233,,0,,,0
6.68774978,7.660376472,,0,,,0
6.867521704,6.867072505,,0,,,0
6.155249161,10.08160986,,0,,,0
8.3032638,6.343522655,,0,,,0
8.641634075,5.99984674,,0,,,0
,5.875041088,,0,,,0
7.348611231,6.351029022,,0,,,0
7.573905933,5.524666196,,0,,,0
7.855906368,8.038872167,,0,,,0
,7.215349523,,0,,,0
3.798391049,6.888257231,,0,,,0
,6.7959158,,0,,,0
11.23542596,9.063042096,,0,,,0
6.396341051,7.763738507,,0,,,0
,5.924658815,,0,,,0
5.228506322,7.016078459,,0,,,0
6.512239645,5.897104302,,0,,,0
7.83431924,8.589393961,,0,,,0
7.388292039,7.830295184,,0,,,0
6.020653841,5.30535155,,0,,,0
8.388322494,4.143519243,,0,,,0
8.384296439,6.476752767,,0,,,0
7.393977957,7.233735968,,0,,,0
,6.061283795,,0,,,0
8.384623152,9.778122612,,0,,,0
7.094802143,6.664010111,,0,,,0
6.565319432,9.116994487,,0,,,0
6.38171958,5.848734854,,0,,,0
7.539742095,5.637350314,,0,,,0
10.62882091,10.32848897,,0,,,0
9.228484209,6.833360242,,0,,,0
10.52460198,5.007003487,,0,,,0
,6.361687287,,0,,,0
6.021265943,7.587908534,,0,,,0
,4.966397254,,0,,,0
5.973951249,5.737988259,,0,,,0
6.217579612,6.819438078,,0,,,0
,7.650455253,,0,,,0
9.130607244,5.723791567,,0,,,0
,4.27071779,,0,,,0
6.095511875,6.392094599,,0,,,0
6.195254905,9.483424063,,0,,,0
5.814564234,6.051233426,,0,,,0
6.756659807,8.332209743,,0,,,0
,8.232252041,,0,,,0
6.36997353,9.066829968,,0,,,0
6.601407395,7.173229426,,0,,,0
5.651933841,7.85785627,,0,,,0
7.606066882,6.356555064,,0,,,0
2.97442941,2.498596721,,0,,,1
,7.325055364,,0,,,1
,0.352,,0,,,1
8.111101031,9.685390204,,0,,,1
7.116132606,5.402654753,,0,,,1
5.280292296,5.971385389,,0,,,1
,9.990332197,,0,,,1
9.808258179,9.752750872,,0,,,1
,7.271684606,,0,,,1
8.018831607,9.674860449,,0,,,1
6.603640717,6.45214087,,0,,,1
6.450805743,7.306447324,,0,,,1
6.26637841,8.508750972,,0,,,1
,5.563067208,,0,,,1
5.161878763,5.196132621,,0,,,1
6.98440553,8.263803917,,0,,,1
6.791992649,6.61443797,,0,,,1
8.30922771,8.343510207,,0,,,1
5.057736411,6.411410463,,0,,,1
6.908272154,6.379970101,,0,,,1
7.243409879,8.454106777,,0,,,1
6.164480227,6.822156741,,0,,,1
9.16099754,6.819603096,,0,,,1
5.277875568,4.777124262,,0,,,1
3.975752658,6.305787651,,0,,,1
5.685216463,6.664443789,,0,,,1
6.93365391,3.11744098,,0,,,1
7.464485186,5.657812133,,0,,,1
6.071838864,3.521125217,,0,,,1
7.136102613,8.095426538,,0,,,1
,6.667286527,,0,,,1
6.328553081,7.050046536,,0,,,1
6.150595718,7.33596031,,0,,,1
,4.033933564,,0,,,1
5.508155526,5.230477276,,0,,,1
4.761105185,7.936652409,,0,,,1
10.49074403,12.62689974,,0,,,1
6.676137319,5.809435939,,0,,,1
7.973307535,5.354516205,,0,,,1
7.352146038,8.219240345,,0,,,1
6.990800831,5.292450113,,0,,,1
5.468360932,5.446562741,,0,,,1
7.835906989,8.137483669,,0,,,1
2.538115773,5.014022812,,0,,,1
8.423084472,11.10162811,,0,,,1
7.617014109,6.508853439,,0,,,1
7.617033494,2.855789795,,0,,,1
5.429334842,5.714731299,,0,,,1
,3.758833182,,0,,,1
5.495975999,7.471727772,,0,,,1
5.092757239,1.390870905,,0,,,1
6.252810211,6.489931492,,0,,,1
6.747415283,2.39798499,,0,,,1
6.640862809,6.642337169,,0,,,1
,7.929303294,,0,,,1
7.300990131,8.253015297,,0,,,1
5.498514693,6.707094592,,0,,,1
5.652501287,3.523713941,,0,,,1
6.164927293,4.39883127,,0,,,1
7.851925692,7.741975289,,0,,,1
7.22168944,7.823612289,,0,,,1
6.578083891,5.071156813,,0,,,1
7.859489939,7.519690678,,0,,,1
6.073684981,9.128422114,,0,,,1
,4.484021278,,0,,,1
6.407963336,4.613721484,,0,,,1
8.64664295,9.959355418,,0,,,1
7.184697763,7.83232039,,0,,,1
6.93208503,6.521955498,,0,,,1
6.174750579,10.860295,,0,,,1
9.54025224,11.99429022,,0,,,1
6.888842932,8.003186613,,0,,,1
8.174186267,4.726912286,,0,,,1
8.756926859,6.454876484,,0,,,1
4.740056688,4.01344441,,0,,,1
8.764495619,8.043354127,,0,,,1
7.899451562,6.907202816,,0,,,1
7.40265315,7.63237016,,0,,,1
5.800034177,6.106764784,,0,,,1
7.089184187,7.471614406,,0,,,1
7.852206664,9.616222697,,0,,,1
4.9456947,4.433724763,,0,,,1
9.77693205,9.603302351,,0,,,1
5.15348864,9.296114014,,0,,,1
6.884981084,9.686434798,,0,,,1
7.608750191,5.955008397,,0,,,1
,4.46567696,,0,,,1
4.901906856,8.306960458,,0,,,1
5.711212506,7.954721153,,0,,,1
7.476689512,9.611598558,,0,,,1
7.033495055,9.027056983,,0,,,1
,10.88674189,,0,,,1
,10.08877148,,0,,,1
8.655298873,7.271299467,,0,,,1
,8.199090412,,0,,,1
8.304334653,11.44846933,,0,,,1
7.717076952,6.987854135,,0,,,1
7.555822759,7.868878309,,0,,,1
4.881729594,7.264677555,,0,,,1
8.311271181,9.820473297,,0,,,1
3.800431282,7.729645332,,0,,,1
4.08359488,1.920271449,,0,,,1
,6.705210878,,0,,,1
4.865069696,5.839218685,,0,,,1
9.624726886,9.883945512,,0,,,1
5.188776875,6.318063039,,0,,,1
7.842979001,9.888402991,,0,,,1
5.916930488,6.774609743,,0,,,1
5.72968912,5.340088453,,0,,,1
5.678220967,7.145335458,,0,,,1
7.38658182,8.426161104,,0,,,1
7.519227463,6.568657941,,0,,,1
7.446225785,4.532979039,,0,,,1
7.753936118,7.984039196,,0,,,1
9.159660477,10.11046223,,0,,,1
7.496990927,3.440880124,,0,,,1
7.542300167,4.344706918,,0,,,1
7.15905299,10.189528,,0,,,1
,10.18534822,,0,,,1
5.844673796,8.881111782,,0,,,1
,8.25597109,,0,,,1
5.258414737,3.833901837,,0,,,1
7.420640789,6.727918857,,0,,,1
7.074251444,7.861469473,,0,,,1
8.189213851,12.2463941,,0,,,1
7.744130994,8.040760159,,0,,,1
8.289857906,5.533208318,,0,,,1
8.025220021,7.669540026,,0,,,1
8.848927372,5.399012624,,0,,,1
6.438421804,5.77593291,,0,,,1
,7.018990028,,0,,,1
8.205550719,6.839622493,,0,,,1
8.310373672,9.34562133,,0,,,1
,8.643088654,,0,,,1
7.833970824,4.300509255,,0,,,1
8.142660401,7.446877056,,0,,,1
5.896432475,7.536805721,,0,,,1
,6.326534003,,0,,,1
4.3107015,5.607450056,,0,,,1
7.895769121,9.34147523,,0,,,1
6.862995092,6.149493862,,0,,,1
6.30476863,5.210780443,,0,,,1
6.578680569,6.248929383,,0,,,1
8.96724411,4.90957289,,0,,,1
,9.006795749,,0,,,1
7.423088086,6.374708984,,0,,,1
9.166758133,12.22717528,,0,,,1
8.468694415,11.93044797,,0,,,1
6.48615266,3.267984092,,0,,,1
4.439095783,2.386653494,,0,,,1
7.79278353,10.58550138,,0,,,1
7.205218264,8.323040622,,0,,,1
6.569053876,6.76511788,,0,,,1
,8.422475923,,0,,,1
4.29168773,8.603296502,,0,,,1
,8.988476975,,0,,,1
4.921093903,6.406814395,,0,,,1
6.727185265,6.952008033,,0,,,1
5.757088957,9.178560477,,0,,,1
5.842359064,4.179107963,,0,,,1
8.848103019,9.681154303,,0,,,0
5.866250668,4.868479989,,0,,,0
6.020995363,7.94480245,,0,,,0
7.529929503,5.029568518,,0,,,0
6.649705311,5.254959291,,0,,,0
5.097786226,9.128797717,,0,,,0
6.483994508,7.301735496,,0,,,0
,4.384357707,,0,,,0
5.669699209,8.808246918,,0,,,0
8.127710424,6.310902368,,0,,,0
9.106916915,2.102690991,,0,,,0
7.575757884,8.109311854,,0,,,0
8.246369054,6.096360029,,0,,,0
2.945469061,10.59739483,,0,,,0
4.964070342,9.725321293,,0,,,0
4.99139689,8.260928446,,0,,,0
5.04562573,10.12033402,,0,,,0
,6.237135145,,0,,,0
11.06945629,4.047620471,,0,,,0
5.775330889,7.261810761,,0,,,0
9.012100313,7.625640811,,0,,,0
4.031610444,8.18081336,,0,,,0
7.882123947,6.476056909,,0,,,0
8.759488715,5.687072313,,0,,,0
6.653649515,8.289306745,,0,,,0
,8.296497385,,0,,,0
4.473882085,6.369370882,,0,,,0
9.349469962,6.173823145,,0,,,0
6.862936026,6.611543403,,0,,,0
8.261405952,4.925015362,,0,,,0
8.860324242,6.519062894,,0,,,0
7.49651068,8.494115369,,0,,,0
10.16417334,3.99217136,,0,,,0
,7.709710507,,0,,,0
6.039823242,7.723304587,,0,,,0
,9.777807381,,0,,,0
6.057904774,6.537028224,,0,,,0
8.005016372,4.339310242,,0,,,0
,8.021803498,,0,,,0
7.038347517,8.229992839,,0,,,0
,6.913500541,,0,,,0
8.237091874,5.41397794,,0,,,0
6.574083864,6.212264735,,0,,,0
7.33810761,7.467623829,,0,,,0
4.851103882,6.340534135,,0,,,0
6.917920216,7.995890069,,0,,,0
6.709336439,7.692413006,,0,,,0
6.894050879,5.194783894,,0,,,0
9.864727092,6.908571954,,0,,,0
,4.312761964,,0,,,0
8.039696863,8.293018015,,0,,,0
9.824706476,3.124832555,,0,,,0
10.88730499,4.656537749,,0,,,0
9.831401691,6.566928594,,0,,,0
6.528479453,6.083267856,,0,,,0
4.09141145,7.254980811,,0,,,0
,6.476583882,,0,,,0
,6.7026716,,0,,,0
,7.458969894,,0,,,0
6.175164949,10.89666275,,0,,,0
8.736126384,10.32655757,,0,,,0
8.240945815,9.367419403,,0,,,0
9.152284709,7.04232643,,0,,,0
,6.445280106,,0,,,0
6.317576554,5.690078271,,0,,,0
5.692124157,6.682691502,,0,,,0
,3.929623912,,0,,,0
,6.627704891,,0,,,0
7.191493719,5.427532729,,0,,,0
7.381108534,5.493514236,,0,,,0
6.17251737,7.722560987,,0,,,0
9.076317994,5.02002691,,0,,,0
8.85411954,5.69606391,,0,,,0
6.768060049,5.332099117,,0,,,0
,4.438196616,,0,,,0
8.543216837,2.726765626,,0,,,0
9.564853066,6.253179732,,0,,,0
5.49978773,6.570596052,,0,,,0
5.195920669,8.407449954,,0,,,0
7.283913577,9.502809435,,0,,,0
5.872439859,9.690213096,,0,,,0
5.735723555,7.728601254,,0,,,0
6.158424006,9.771211536,,0,,,0
7.294364433,5.311112032,,0,,,0
7.054266774,8.727110118,,0,,,0
,6.490994017,,0,,,0
3.148712285,8.279275414,,0,,,0
5.665266377,8.312484093,,0,,,0
8.310938776,8.832389881,,0,,,0
7.096098311,5.379860573,,0,,,0
7.957113516,8.171994841,,0,,,0
7.400238581,6.286357794,,0,,,0
9.734619708,4.745970266,,0,,,0
8.037761108,7.307410957,,0,,,0
,7.287604793,,0,,,0
5.681810748,5.651588765,,0,,,0
8.394509585,4.724373099,,0,,,0
8.528292138,7.676323151,,0,,,0
6.238053654,7.08537701,,0,,,0
5.870615501,8.494235192,,0,,,0
6.433726195,6.533468857,,0,,,0
6.069363894,9.387522328,,0,,,0
6.660461917,11.29939021,,0,,,0
7.506111457,5.71431171,,0,,,0
5.895145558,7.90576867,,0,,,0
6.449236657,10.90868669,,0,,,0
8.550525459,2.654490954,,0,,,0
7.12263744,4.425026226,,0,,,0
8.558663124,6.608099752,,0,,,0
4.624304291,8.297074094,,0,,,0
,6.08432483,,0,,,0
6.091382724,8.927043243,,0,,,0
9.658661976,7.050728842,,0,,,0
8.115624507,6.046110608,,0,,,0
,7.669132348,,0,,,0
6.914868152,7.771205679,,0,,,0
7.337924402,6.844850276,,0,,,0
7.766114454,7.925886801,,0,,,0
8.433974836,8.418958241,,0,,,0
6.891549222,6.866434553,,0,,,0
5.946160789,8.93974815,,0,,,0
6.363836378,9.765920759,,0,,,0
5.331799285,7.146139714,,0,,,0
,7.558162034,,0,,,0
8.466013448,6.668868088,,0,,,0
7.426274011,5.101158421,,0,,,0
11.21913474,3.074316127,,0,,,0
5.708517435,8.288504922,,0,,,0
6.559627885,7.761108314,,0,,,0
5.606315226,8.548754211,,0,,,0
,6.790897373,,0,,,0
,5.588012812,,0,,,0
,8.569451242,,0,,,0
7.539337776,9.507584645,,0,,,0
8.849702725,5.182435715,,0,,,0
7.682762474,6.672340965,,0,,,0
,7.032642617,,0,,,0
6.448191032,8.727866524,,0,,,0
10.19941269,7.940595236,,0,,,0
7.76618666,6.02681657,,0,,,0
,8.779726262,,0,,,0
9.756577628,7.149052944,,0,,,0
,3.713593556,,0,,,0
6.406797813,7.462757885,,0,,,0
,8.524370962,,0,,,0
8.445219159,6.179855165,,0,,,0
4.137044913,8.652210468,,0,,,0
7.675913621,8.407497057,,0,,,0
,6.502257263,,0,,,0
5.70110097,9.536011426,,0,,,0
6.376576427,6.669920258,,0,,,0
5.517737316,10.52585777,,0,,,0
3.854617678,7.75350238,,0,,,0
7.558076302,11.22439457,,0,,,0
7.387433763,9.273679482,,0,,,0
7.763415107,8.344391016,,0,,,0
,7.226877906,,0,,,0
7.509350205,8.815844633,,0,,,0
,8.051538022,,0,,,0
5.057270546,6.25089349,,0,,,0
5.830542049,8.433096578,,0,,,0
5.859690474,6.54168146,,0,,,0
8.891674051,3.409575836,,0,,,0
10.15421907,4.711350413,,0,,,0
,3.646847512,,0,,,0
7.683156515,9.914965569,,0,,,0
7.455541163,8.20410214,,0,,,0
,8.299339281,,0,,,0
4.81183249,7.569543693,,0,,,0
5.720136479,8.253966478,,0,,,0
9.961503137,9.160739639,,0,,,0
3.230973106,6.83595144,,0,,,0
10.18843265,9.840540425,,0,,,0
6.262907282,7.80439076,,0,,,0
7.399811394,8.711705729,,0,,,0
9.271668544,5.766780236,,0,,,0
4.704183667,8.987042737,,0,,,0
8.65479265,6.164048564,,0,,,0
8.018771949,6.491360268,,0,,,0
8.189363356,6.007956224,,0,,,0
9.341091803,6.113973912,,0,,,0
,5.905206999,,0,,,0
4.89196004,7.84706647,,0,,,0
6.056817845,9.507303262,,0,,,0
5.655117422,6.391438921,,0,,,0
7.890263353,7.14135963,,0,,,0
11.90773983,5.878992533,,0,,,0
8.811472248,10.52055501,,0,,,0
4.12658131,6.489951186,,0,,,0
5.735358659,5.073073966,,0,,,0
8.000775801,8.323329912,,0,,,0
8.77504747,4.751004539,,0,,,0
8.303831038,7.108973653,,0,,,0
5.082241432,9.111721943,,0,,,0
5.813546488,6.536992176,,0,,,0
3.422394164,8.214713559,,0,,,0
5.913374864,6.15909513,,0,,,0
6.78302374,9.332861242,,0,,,0
6.836059947,6.712854186,,0,,,0
4.884388229,8.440399978,,0,,,0
8.331553235,3.923239294,,0,,,0
7.819659154,7.093310282,,0,,,0
5.428356914,7.967085789,,0,,,0
4.556656719,9.46128508,,0,,,0
7.333003447,6.346378214,,0,,,0
7.114386719,6.176786259,,0,,,0
6.376950464,5.433802468,,0,,,0
9.338235018,6.665873261,,0,,,0
,6.317654427,,0,,,0
8.93387761,8.12826238,,0,,,0
10.60058999,6.112819083,,0,,,0
6.838816707,9.624699427,,0,,,0
5.600876517,9.753766228,,0,,,0
6.102533306,7.15534378,,0,,,0
6.490922996,6.06011893,,0,,,0
8.50697907,6.456555757,,0,,,0
7.413288341,6.309195827,,0,,,0
,2.562255458,,0,,,0
7.586235788,5.739025428,,0,,,0
7.103348375,8.211762262,,0,,,0
6.153495924,7.153803397,,0,,,0
2.376768076,9.97480788,,0,,,0
7.514835666,7.417040992,,0,,,0
7.445189293,9.248499178,,0,,,0
4.835297728,5.56017947,,0,,,0
8.376279725,7.100523371,,0,,,0
7.945909069,4.745340497,,0,,,0
8.727778876,3.830238422,,0,,,0
6.089430846,8.888347449,,0,,,0
7.172323075,6.55710482,,0,,,0
8.332953485,4.275693047,,0,,,0
,8.673483138,,0,,,0
4.563370643,7.499916848,,0,,,0
,7.975630924,,0,,,0
3.676844993,12.65336202,,0,,,0
,8.24782761,,0,,,0
7.889079735,7.296281894,,0,,,0
5.525768545,8.306926277,,0,,,0
4.858055602,7.689304574,,0,,,0
3.272820098,11.99601512,,0,,,0
7.117578658,6.387037208,,0,,,0
7.822257363,5.283593552,,0,,,0
4.334057806,8.603926762,,0,,,0
,10.13012504,,0,,,0
8.839583902,7.717662268,,0,,,0
5.290666877,9.272066267,,0,,,0
7.873271693,3.715065352,,0,,,0
7.148440932,4.737825631,,0,,,0
6.453605209,7.626529611,,0,,,0
,6.799940085,,0,,,1
5.654118943,7.283454217,,0,,,1
7.650683237,8.927896393,,0,,,1
6.418203057,7.396472119,,0,,,1
6.848000113,7.339173311,,0,,,1
6.991685153,2.648389907,,0,,,1
5.924799469,6.900029881,,0,,,1
7.526680395,6.616367521,,0,,,1
,10.00021776,,0,,,1
5.324641431,8.403316437,,0,,,1
9.038326069,5.573277339,,0,,,1
5.945988643,7.894120347,,0,,,1
6.195086858,9.112558176,,0,,,1
9.062822325,5.649970633,,0,,,1
7.137428697,7.304928195,,0,,,1
6.232010556,8.560039324,,0,,,1
7.780868679,6.14609844,,0,,,1
7.150046115,8.606774255,,0,,,1
4.574124682,8.191827054,,0,,,1
6.179312078,8.063334619,,0,,,1
5.566328463,8.011549699,,0,,,1
,7.187021658,,0,,,1
7.185167714,6.691069586,,0,,,1
,8.399729962,,0,,,1
6.990452677,7.2488667,,0,,,1
5.810742057,7.874166461,,0,,,1
7.444165852,7.23830152,,0,,,1
4.374877632,8.898436158,,0,,,1
6.602539772,6.581327181,,0,,,1
6.857493758,6.627059043,,0,,,1
,7.960132906,,0,,,1
6.789820821,5.166942295,,0,,,1
8.560349291,7.453900171,,0,,,1
,6.337137942,,0,,,1
8.277058198,5.128732541,,0,,,1
,6.133935144,,0,,,1
6.921257043,6.978993269,,0,,,1
5.63692356,6.918726503,,0,,,1
6.607503311,9.577820263,,0,,,1
4.95141352,8.985571803,,0,,,1
5.913132933,7.04182775,,0,,,1
,6.365468784,,0,,,1
5.796236902,8.408831552,,0,,,1
5.039673104,7.7598434,,0,,,1
6.163519015,8.240831774,,0,,,1
6.339142826,8.095991372,,0,,,1
7.610672776,6.654331842,,0,,,1
5.782079034,9.270066163,,0,,,1
6.451503543,6.19687649,,0,,,1
,8.097301683,,0,,,1
6.9204487,8.49378432,,0,,,1
6.549187601,7.960190044,,0,,,1
6.393231345,7.329998902,,0,,,1
6.100245391,7.542775332,,0,,,1
6.35943131,9.000395498,,0,,,1
6.272474991,9.734512546,,0,,,1
,8.392832051,,0,,,1
7.493843861,7.198434576,,0,,,1
7.635264692,7.156737918,,0,,,1
9.097617417,7.634362144,,0,,,1
8.040144167,8.136930576,,0,,,1
7.296908882,6.550096293,,0,,,1
8.226808034,6.863927058,,0,,,1
8.014183072,7.71444656,,0,,,1
9.252893397,5.784975793,,0,,,1
7.288112707,7.668510398,,0,,,1
4.865444268,7.473070208,,0,,,1
4.762828659,6.841720702,,0,,,1
5.141506877,5.841749874,,0,,,1
4.886379804,8.370179299,,0,,,1
9.454119448,5.407691662,,0,,,1
7.000523221,6.280886805,,0,,,1
8.32398215,7.076944002,,0,,,1
6.643158712,6.791509363,,0,,,1
,8.930329975,,0,,,1
6.758656471,6.783660242,,0,,,1
8.628893415,6.289036105,,0,,,1
9.794717849,5.992480374,,0,,,1
5.376078292,9.649943358,,0,,,1
5.603325961,7.6313458,,0,,,1
8.592417714,8.17235627,,0,,,1
7.266781486,6.043959345,,0,,,1
8.064652809,6.369175394,,0,,,1
,8.183988309,,0,,,1
6.336456502,8.199318453,,0,,,1
6.166348223,6.760220715,,0,,,1
4.533399114,7.074906687,,0,,,1
8.951652135,3.016032603,,0,,,1
7.210773702,7.352940592,,0,,,1
4.238282525,8.180874178,,0,,,1
8.264090516,5.830685294,,0,,,1
7.893312711,8.037399954,,0,,,1
4.85558776,9.829674656,,0,,,1
5.230453969,6.308729513,,0,,,1
7.017295399,5.216280116,,0,,,1
4.941972157,8.031864863,,0,,,1
9.638222268,6.849401309,,0,,,1
7.33739985,7.127077798,,0,,,1
,7.293822809,,0,,,1
,7.22106792,,0,,,1
8.257596525,6.230581825,,0,,,1
8.31526762,7.053503329,,0,,,1
,9.981200456,,0,,,1
7.171593555,7.69767485,,0,,,1
6.941278904,7.140121953,,0,,,1
,5.083865925,,0,,,1
6.888547603,6.579328071,,0,,,1
6.833111019,7.942857153,,0,,,1
8.247958056,5.378285961,,0,,,1
8.9223798,8.105638488,,0,,,1
7.356056778,7.395529683,,0,,,1
,9.030439938,,0,,,1
9.752703227,7.978043984,,0,,,1
6.844141767,6.459987322,,0,,,1
6.910765112,8.045869831,,0,,,1
8.801846046,6.701766574,,0,,,1
6.283103588,9.364361168,,0,,,1
6.35403811,7.567418626,,0,,,1
5.92876734,8.986862678,,0,,,1
6.823642006,8.120631351,,0,,,1
7.342231249,5.268807204,,0,,,1
7.146019716,6.652035492,,0,,,1
5.089387791,8.424877818,,0,,,1
8.594217251,5.924459987,,0,,,1
8.149437298,7.384126121,,0,,,1
9.271578533,8.045991283,,0,,,1
7.021617481,6.845743997,,0,,,1
7.833361001,8.34166977,,0,,,1
6.643734376,8.754110049,,0,,,1
6.761413709,8.723064212,,0,,,1
7.243482154,6.497200835,,0,,,1
7.990658239,7.510775727,,0,,,1
7.612516823,7.982595216,,0,,,1
6.080992869,7.624238583,,0,,,1
7.888424515,8.173474688,,0,,,1
6.658833572,7.071299152,,0,,,1
,5.800340045,,0,,,1
7.22299756,5.864716709,,0,,,1
,7.423192117,,0,,,1
6.427720561,7.696751399,,0,,,1
5.023380784,7.58802134,,0,,,1
,6.116863368,,0,,,1
8.163999618,5.412481385,,0,,,1
,7.104365819,,0,,,1
5.272156459,9.013016218,,0,,,1
6.903074331,7.048017331,,0,,,1
7.466558358,5.436264152,,0,,,1
7.397650663,8.076995436,,0,,,1
,5.796570971,,0,,,1
,6.026303861,,0,,,1
5.53953369,9.827309049,,0,,,1
7.376161138,6.602451653,,0,,,1
9.318613916,7.597451675,,0,,,1
6.701940912,6.390966016,,0,,,1
5.547576263,9.586090231,,0,,,1
9.001822865,6.473673833,,0,,,1
9.130768887,6.011964238,,0,,,1
4.07792047,10.75846439,,0,,,1
7.125211076,7.45874145,,0,,,1
13.54124024,6.756054798,,0,,,0
7.171223723,5.762522398,,0,,,0
,7.809251156,,0,,,0
6.9777441,6.609706248,,0,,,0
6.35716672,6.154447915,,0,,,0
,7.018066793,,0,,,0
8.339436757,6.976313539,,0,,,0
6.27695651,6.748702483,,0,,,0
10.94747264,7.279137186,,0,,,0
9.871791232,8.660268825,,0,,,0
4.317187354,6.888135538,,0,,,0
4.227537386,6.932557933,,0,,,0
4.140077139,7.754532621,,0,,,0
5.349997297,8.217819408,,0,,,0
7.578014308,6.192652936,,0,,,0
7.710137891,8.212234308,,0,,,0
8.330743319,7.436213729,,0,,,0
6.510972335,6.559697826,,0,,,0
,6.329952096,,0,,,0
6.934310583,6.04550287,,0,,,0
8.618653849,6.39993325,,0,,,0
8.460963964,5.478275704,,0,,,0
4.004248333,6.868438407,,0,,,0
3.762097646,8.72558214,,0,,,0
3.795132905,6.481018908,,0,,,0
5.660736311,6.262932865,,0,,,0
9.396148399,7.391299312,,0,,,0
13.34988856,6.717972617,,0,,,0
,6.462945841,,0,,,0
7.817901281,6.373737432,,0,,,0
,4.987537147,,0,,,0
1.431781555,6.214772832,,0,,,0
6.970036694,7.412765411,,0,,,0
10.85186035,7.701931717,,0,,,0
6.58800729,6.780936115,,0,,,0
9.00435217,6.124095174,,0,,,0
,6.720473279,,0,,,0
4.328282516,7.42589408,,0,,,0
7.417823927,4.598669852,,0,,,0
3.261669787,7.929539482,,0,,,0
,6.407733064,,0,,,0
7.928831289,6.291798027,,0,,,0
7.975329901,7.002191994,,0,,,0
9.504157788,7.467684855,,0,,,0
5.158722568,7.572175377,,0,,,0
3.923473633,7.000875427,,0,,,0
,7.145701659,,0,,,0
5.849778285,6.574957586,,0,,,0
5.890870359,7.401366802,,0,,,0
5.963479205,6.221292,,0,,,0
6.106759636,8.316897374,,0,,,0
6.898932482,6.884918383,,0,,,0
8.091812332,6.725680184,,0,,,0
7.611982389,5.2242563,,0,,,0
8.886979332,8.808963365,,0,,,0
6.532097274,6.641543445,,0,,,0
7.833980482,6.246502455,,0,,,0
11.56316906,6.495619339,,0,,,0
6.782868548,7.200358355,,0,,,0
8.28876546,6.385510464,,0,,,0
0.97557799,7.615583377,,0,,,0
7.528980405,6.305472317,,0,,,0
9.764658134,9.334632093,,0,,,0
10.19166524,6.524476299,,0,,,0
2.92517432,7.670149486,,0,,,0
,7.966300205,,0,,,0
6.657793591,6.734228068,,0,,,0
7.00523014,7.351021452,,0,,,0
,7.760027276,,0,,,0
6.227841922,8.247332932,,0,,,0
6.392760459,5.906405486,,0,,,0
6.088022489,7.698581723,,0,,,0
3.961389047,8.005631016,,0,,,0
4.275159673,6.525202657,,0,,,0
7.301903491,7.554047401,,0,,,0
10.89348473,7.659830109,,0,,,0
6.79809746,7.051813575,,0,,,0
11.49670245,7.235224038,,0,,,0
5.808238634,7.368819182,,0,,,0
,7.333212178,,0,,,0
5.679330465,7.53859213,,0,,,0
7.783305613,6.548497478,,0,,,0
6.316470521,8.149177522,,0,,,0
8.605374455,7.409956813,,0,,,0
,8.523670576,,0,,,0
7.057552646,7.312352352,,0,,,0
4.850104171,7.496262513,,0,,,0
,6.464581173,,0,,,0
4.560916536,7.988231918,,0,,,0
9.130828108,6.594682307,,0,,,0
,6.444434947,,0,,,0
4.233558617,7.116809284,,0,,,0
5.571019711,8.83276203,,0,,,0
,8.315815915,,0,,,0
8.527142498,5.670027421,,0,,,0
4.570854413,8.030451669,,0,,,0
8.903733775,5.566895792,,0,,,0
9.45993051,6.790913894,,0,,,0
6.040281662,6.810977798,,0,,,0
,6.896318015,,0,,,0
4.663492192,8.72576539,,0,,,0
5.726336216,8.066654024,,0,,,0
10.93311072,7.085260756,,0,,,0
4.281522089,6.957676199,,0,,,0
7.948488372,7.098458253,,0,,,0
6.825647037,5.792424748,,0,,,0
7.285371191,9.404687307,,0,,,0
5.984941215,8.086517017,,0,,,0
5.368988344,6.416298307,,0,,,0
4.016590233,7.340595024,,0,,,0
,4.00858411,,0,,,0
7.719000805,6.935550715,,0,,,0
5.983731294,6.654372296,,0,,,0
7.732601709,7.17285087,,0,,,0
8.847880711,6.66339707,,0,,,0
7.561832948,7.583326752,,0,,,0
8.758560056,8.070254637,,0,,,0
,8.040356351,,0,,,0
3.832917409,6.475402064,,0,,,0
3.730128007,6.997171607,,0,,,0
5.801571267,6.860647372,,0,,,0
3.678431807,7.145144826,,0,,,0
5.14358748,7.988892566,,0,,,0
6.628256197,7.517905883,,0,,,0
,7.245436362,,0,,,0
3.102075565,7.821650423,,0,,,0
4.497585145,6.906347805,,0,,,0
5.584124358,7.213328663,,0,,,0
,7.13600814,,0,,,0
10.33127328,6.396364452,,0,,,0
9.130795899,7.497526377,,0,,,0
4.618850847,7.218587855,,0,,,0
6.931244178,7.222004281,,0,,,0
5.602158585,7.014528282,,0,,,0
7.520518927,7.473798523,,0,,,0
5.58246982,8.01131621,,0,,,0
7.992749619,7.218904024,,0,,,0
8.210357973,7.56798774,,0,,,0
9.901930594,5.878834626,,0,,,0
,7.036949297,,0,,,0
9.405875051,7.867309471,,0,,,0
9.58789503,6.267475696,,0,,,0
4.633202516,6.125585211,,0,,,0
6.90111102,7.928700188,,0,,,0
7.795557629,7.555320481,,0,,,0
,6.902628165,,0,,,0
0,7.897539037,,0,,,0
8.39826106,7.390924017,,0,,,0
6.255149749,8.211595059,,0,,,0
11.49685889,8.066979901,,0,,,0
,6.759980714,,0,,,0
9.347344621,7.333742136,,0,,,0
11.62114013,7.816414976,,0,,,0
10.33767086,7.899520922,,0,,,0
,6.730276517,,0,,,0
5.287982808,7.135063442,,0,,,0
7.617524134,6.952616889,,0,,,0
7.149124568,6.067812011,,0,,,0
8.651389727,6.510980113,,0,,,0
5.290004371,8.606789792,,0,,,0
5.369584181,8.065885726,,0,,,0
8.747271524,7.324498247,,0,,,0
8.040392261,6.696355791,,0,,,0
8.550427815,6.482009281,,0,,,0
7.739325711,7.813966644,,0,,,0
7.104594899,8.474123113,,0,,,0
6.988206155,6.771944512,,0,,,0
7.86978187,7.411034745,,0,,,0
8.85969604,6.519658508,,0,,,0
7.39754401,8.422000035,,0,,,0
5.174896032,7.099598946,,0,,,0
,8.381231469,,0,,,0
5.470981822,7.369649468,,0,,,0
6.711814601,6.619087921,,0,,,0
4.933106138,7.757701625,,0,,,0
6.260891634,8.14130116,,0,,,0
7.693555235,7.041440296,,0,,,0
5.622807135,6.907987009,,0,,,0
6.174884306,8.098312326,,0,,,0
5.039406776,7.194765031,,0,,,0
7.756939183,6.950541222,,0,,,0
9.809996387,7.791981983,,0,,,0
8.479592799,7.37950608,,0,,,0
8.862867931,7.131703512,,0,,,0
6.155738624,8.995896028,,0,,,0
7.287286375,6.010568766,,0,,,0
9.065894194,7.588175019,,0,,,0
9.314522392,6.437070522,,0,,,0
9.759937781,6.719256583,,0,,,0
7.985406394,6.771728798,,0,,,0
8.108350799,8.395129393,,0,,,0
8.243090986,8.315129594,,0,,,0
10.28937961,6.906496538,,0,,,0
3.989032078,7.487422757,,0,,,0
,8.898023978,,0,,,0
8.519639043,6.602693495,,0,,,0
,6.437674869,,0,,,0
,7.760408061,,0,,,0
4.495357679,6.34068243,,0,,,0
,6.087949054,,0,,,0
5.620533436,6.521470835,,0,,,0
8.552993665,6.587933454,,0,,,0
,7.326370089,,0,,,0
10.2099558,7.407967233,,0,,,0
,6.677057059,,0,,,0
6.588207965,7.445343062,,0,,,0
8.558388775,4.796665836,,0,,,0
8.426906357,7.66437522,,0,,,0
7.207538608,6.954041337,,0,,,0
10.22768969,5.899676357,,0,,,0
11.39054311,6.613864679,,0,,,0
,4.998843662,,0,,,0
6.580043295,6.198069013,,0,,,0
10.81783108,7.962066463,,0,,,0
5.093675135,6.718829673,,0,,,0
5.264283802,6.600786951,,0,,,0
7.971298747,7.662153936,,0,,,0
8.35035104,6.108947366,,0,,,0
,7.167404799,,0,,,0
4.032060534,6.482678612,,0,,,0
2.128531434,7.757769765,,0,,,0
9.842056294,6.028898228,,0,,,0
7.664628097,8.746295422,,0,,,0
,7.297452504,,0,,,0
7.260319682,6.674031761,,0,,,0
9.537878629,7.078689515,,0,,,0
1.985383359,6.769267637,,0,,,0
7.248991198,7.186173311,,0,,,0
6.96820896,8.930688995,,0,,,0
6.150553015,5.54443553,,0,,,0
6.300755509,8.931530796,,0,,,0
6.920799599,5.659837138,,0,,,0
6.481890279,8.538491677,,0,,,0
,5.873277068,,0,,,0
7.309596474,7.664060567,,0,,,0
5.967274228,7.281105533,,0,,,0
8.63127,7.278263165,,0,,,0
9.172624519,6.618852759,,0,,,0
,7.269794985,,0,,,0
3.337628998,8.130663285,,0,,,0
11.4497393,7.065576303,,0,,,0
6.283678795,7.078344556,,0,,,0
,8.23147461,,0,,,0
8.761768405,6.38573263,,0,,,0
6.61673069,7.632638507,,0,,,0
7.734569203,6.90859091,,0,,,0
6.971577182,7.214510212,,0,,,0
4.709186747,6.774276121,,0,,,0
5.23000319,7.597980583,,0,,,0
5.27418539,6.326979503,,0,,,1
8.433443104,6.179495871,,0,,,1
6.847863212,5.596240507,,0,,,1
7.26354507,8.091014005,,0,,,1
6.733266883,7.73977103,,0,,,1
,4.922166879,,0,,,1
,5.885992174,,0,,,1
7.777665366,6.123297466,,0,,,1
6.103731305,7.275530586,,0,,,1
6.665774201,8.1725484,,0,,,1
,6.622284288,,0,,,1
4.959852811,6.954230562,,0,,,1
6.397905014,4.892716651,,0,,,1
8.140344463,7.843497716,,0,,,1
6.850625418,6.142617971,,0,,,1
6.71477688,6.554857685,,0,,,1
4.337119469,6.809153177,,0,,,1
8.433290824,8.423765853,,0,,,1
7.274212567,7.797840028,,0,,,1
6.579184951,6.454924772,,0,,,1
,4.907299307,,0,,,1
8.651023363,6.834673314,,0,,,1
8.357612993,7.696942683,,0,,,1
,5.853839988,,0,,,1
6.658741558,6.785520512,,0,,,1
10.50378654,8.710552503,,0,,,1
6.332386866,8.082003932,,0,,,1
,6.19962761,,0,,,1
6.730427772,8.005172947,,0,,,1
8.2977832,7.108809425,,0,,,1
6.259267533,10.28232887,,0,,,1
8.076126298,9.513269116,,0,,,1
5.731042139,6.496722628,,0,,,1
6.563356597,5.36555758,,0,,,1
5.303764337,6.100064295,,0,,,1
7.647871554,7.217409339,,0,,,1
,9.640520475,,0,,,1
7.95145117,7.117858564,,0,,,1
8.832142261,7.475336208,,0,,,1
8.250830009,7.16673369,,0,,,1
5.860574155,6.04638549,,0,,,1
8.182103306,7.715135717,,0,,,1
7.889579345,8.457638677,,0,,,1
8.713482927,8.162687602,,0,,,1
6.185924892,6.140033164,,0,,,1
9.079715109,6.894915429,,0,,,1
8.379512703,8.199017232,,0,,,1
9.221955642,8.097193741,,0,,,1
9.370696575,7.762861766,,0,,,1
7.487573364,8.560974485,,0,,,1
6.028348785,6.126270002,,0,,,1
6.283318587,6.322219152,,0,,,1
5.666446145,9.989551221,,0,,,1
6.985303737,6.445512853,,0,,,1
7.273368228,7.839066572,,0,,,1
7.449659686,6.086599374,,0,,,1
7.618119572,5.816215976,,0,,,1
6.698153869,6.263601577,,0,,,1
7.02729686,7.625545081,,0,,,1
8.610963032,9.844921431,,0,,,1
7.423586012,7.930651012,,0,,,1
5.456680888,6.826782139,,0,,,1
9.612898964,9.143046047,,0,,,1
8.246919871,9.124225221,,0,,,1
6.641174116,6.675080629,,0,,,1
6.64606727,6.793929249,,0,,,1
7.164478295,6.292148347,,0,,,1
8.285071527,9.05008022,,0,,,1
6.110022206,5.984536126,,0,,,1
8.316663722,9.489565661,,0,,,1
,7.498210127,,0,,,1
9.004680613,8.475083371,,0,,,1
6.886512603,6.067596893,,0,,,1
9.293621613,6.301884152,,0,,,1
6.985192202,8.577654501,,0,,,1
5.094164361,6.9774209,,0,,,1
6.150034401,7.744713611,,0,,,1
6.18969926,5.879183845,,0,,,1
7.497987815,7.579377345,,0,,,1
6.965279872,9.129754932,,0,,,1
5.412119545,5.778010263,,0,,,1
7.503085765,7.641776467,,0,,,1
,6.093750445,,0,,,1
8.581042821,7.661687284,,0,,,1
5.530055021,6.543134476,,0,,,1
8.743958545,6.368862019,,0,,,1
9.05238369,9.368339772,,0,,,1
8.077260886,8.773161931,,0,,,1
6.682097359,5.94735035,,0,,,1
4.731320076,6.614705132,,0,,,1
9.241419974,8.860818357,,0,,,1
5.628313272,7.764692573,,0,,,1
4.857802624,7.900790106,,0,,,1
8.430471662,6.703538564,,0,,,1
6.81760838,6.298121347,,0,,,1
5.91375532,8.368785486,,0,,,1
,5.994556023,,0,,,1
5.500276575,4.755312179,,0,,,1
5.608623152,4.157335299,,0,,,1
5.609235359,7.001788101,,0,,,1
,10.55895,,0,,,1
5.859822104,4.072626263,,0,,,1
6.417716047,7.263425259,,0,,,1
6.170526139,7.123966499,,0,,,1
4.034063411,4.425559304,,0,,,1
4.979468811,5.59383042,,0,,,1
8.097453771,6.196947394,,0,,,1
,7.419106404,,0,,,1
8.468741063,8.001377825,,0,,,1
7.870853412,6.190963367,,0,,,1
7.679595096,7.63372525,,0,,,1
7.226592711,5.862717274,,0,,,1
,6.82893637,,0,,,1
8.659113027,8.735315343,,0,,,1
,5.892829994,,0,,,1
6.360195819,7.441486516,,0,,,1
10.48560365,8.399435299,,0,,,1
6.603416523,6.375631988,,0,,,1
5.713322921,8.027819438,,0,,,1
4.767472455,5.773179853,,0,,,1
9.609834365,5.38543993,,0,,,1
9.186453377,7.442479684,,0,,,1
9.960689858,7.143906656,,0,,,1
6.102306794,8.061863549,,0,,,1
6.792655098,6.435809198,,0,,,1
5.910539738,4.80675902,,0,,,1
6.125810325,5.740321173,,0,,,1
5.836104525,3.458191682,,0,,,1
,7.129520268,,0,,,1
10.66736393,7.071294493,,0,,,1
8.628301074,7.079462297,,0,,,1
6.26011129,7.154890694,,0,,,1
10.80815694,5.782417746,,0,,,1
7.371914156,7.966710439,,0,,,1
4.825591458,6.442769292,,0,,,1
4.868827135,4.880910339,,0,,,1
7.395450847,8.310194998,,0,,,1
8.86211271,7.639572887,,0,,,1
6.00897361,7.45223619,,0,,,1
7.607223911,7.826411049,,0,,,1
6.683367697,5.336201994,,0,,,1
6.638411449,8.295983092,,0,,,1
9.271355447,7.022499179,,0,,,1
,9.026292723,,0,,,1
3.629922065,6.618071066,,0,,,1
8.378108023,6.477056754,,0,,,1
6.923636014,5.501164043,,0,,,1
5.893103408,6.349560868,,0,,,1
8.197353369,6.472914286,,0,,,1
8.372910285,7.547984018,,0,,,1
8.989900091,6.297311527,,0,,,1
6.702546553,7.708116998,,0,,,1
11.49101091,9.263166161,,0,,,1
6.069615757,7.747547481,,0,,,1
4.668101687,7.166638935,,0,,,1
7.808856018,8.061361988,,0,,,1
9.419510316,7.350233233,,0,,,1
5.126762923,6.303356534,,0,,,1
7.874671358,7.509305857,,0,,,1
